cod_institucion,anio,nombre,ies_padre,tipo_ies,sector,caracter,pte_codigo,en_snies,en_saber_pro,mat_pregrado_s1,mat_pregrado_s2,mat_pregrado_prom,mat_posgrado_s1,mat_posgrado_s2,mat_posgrado_prom,mat_total_prom,grad_pregrado,grad_posgrado,grad_total,nombre_saber_pro,n_evaluados,n_ceros_escrita,pct_ceros_escrita,global_a,global_b,global_c
1101,2023,UNIVERSIDAD NACIONAL DE COLOMBIA,1101,Principal,Oficial,Universidad,225701,True,True,28981,28323,28652.0,5135,4571,4853.0,33505.0,3481,2089,5570,UNIVERSIDAD NACIONAL DE COLOMBIA-BOGOTÁ D.C.,3294,49,1.49,181.87,182.46,182.4
1102,2023,UNIVERSIDAD NACIONAL DE COLOMBIA,1101,Seccional,Oficial,Universidad,225701,True,True,11962,11392,11677.0,1149,1148,1148.5,12825.5,1212,666,1878,UNIVERSIDAD NACIONAL DE COLOMBIA-MEDELLIN,1151,25,2.17,174.91,175.74,175.66
1103,2023,UNIVERSIDAD NACIONAL DE COLOMBIA,1101,Seccional,Oficial,Universidad,225701,True,True,5072,4941,5006.5,615,606,610.5,5617.0,675,470,1145,UNIVERSIDAD NACIONAL DE COLOMBIA-MANIZALES,583,14,2.4,164.43,165.46,165.16
1104,2023,UNIVERSIDAD NACIONAL DE COLOMBIA,1101,Seccional,Oficial,Universidad,225701,True,True,2630,2629,2629.5,207,222,214.5,2844.0,323,58,381,UNIVERSIDAD NACIONAL DE COLOMBIA-PALMIRA,245,7,2.86,153.74,155.08,154.51
1105,2023,UNIVERSIDAD PEDAGOGICA NACIONAL,1105,Principal,Oficial,Universidad,225715,True,True,8571,8363,8467.0,770,702,736.0,9203.0,1292,273,1565,UNIVERSIDAD PEDAGOGICA NACIONAL-BOGOTÁ D.C.,919,15,1.63,153.83,154.41,154.31
1106,2023,UNIVERSIDAD PEDAGOGICA Y TECNOLOGICA DE COLOMBIA - UPTC,1106,Principal,Oficial,Universidad,225705,True,True,21789,21196,21492.5,2204,1940,2072.0,23564.5,3342,2352,5694,UNIVERSIDAD PEDAGOGICA Y TECNOLOGICA DE COLOMBIA-TUNJA,2157,53,2.46,156.38,157.29,157.12
1107,2023,UNIVERSIDAD PEDAGOGICA Y TECNOLOGICA DE COLOMBIA - UPTC,1106,Seccional,Oficial,Universidad,225705,True,True,3046,2715,2880.5,372,245,308.5,3189.0,694,455,1149,UNIVERSIDAD PEDAGOGICA Y TECNOLOGICA DE COLOMBIA-DUITAMA,330,11,3.33,150.94,152.19,151.9
1108,2023,UNIVERSIDAD PEDAGOGICA Y TECNOLOGICA DE COLOMBIA - UPTC,1106,Seccional,Oficial,Universidad,225705,True,True,3545,3318,3431.5,474,272,373.0,3804.5,621,551,1172,UNIVERSIDAD PEDAGOGICA Y TECNOLOGICA DE COLOMBIA-SOGAMOSO,354,6,1.69,161.41,161.97,161.96
1109,2023,UNIVERSIDAD PEDAGOGICA Y TECNOLOGICA DE COLOMBIA - UPTC,1106,Seccional,Oficial,Universidad,225705,True,True,791,707,749.0,8,4,6.0,755.0,145,12,157,UNIVERSIDAD PEDAGOGICA Y TECNOLOGICA DE COLOMBIA-CHIQUINQUIRA,91,2,2.2,147.02,147.61,147.68
1110,2023,UNIVERSIDAD DEL CAUCA,1110,Principal,Oficial,Universidad,225711,True,True,16387,15804,16095.5,1142,1104,1123.0,17218.5,1888,456,2344,UNIVERSIDAD DEL CAUCA-POPAYAN,1927,65,3.37,154.54,155.91,155.52
1111,2023,UNIVERSIDAD TECNOLOGICA DE PEREIRA - UTP,1111,Principal,Oficial,Universidad,225712,True,True,15146,15199,15172.5,1545,1343,1444.0,16616.5,2154,480,2634,UNIVERSIDAD TECNOLOGICA DE PEREIRA - ITP-PEREIRA,1497,41,2.74,153.93,154.89,154.75
1112,2023,UNIVERSIDAD DE CALDAS,1112,Principal,Oficial,Universidad,225716,True,True,12904,13668,13286.0,864,828,846.0,14132.0,1822,308,2130,UNIVERSIDAD DE CALDAS-MANIZALES,1244,44,3.54,154.38,155.7,155.42
1113,2023,UNIVERSIDAD DE CORDOBA,1113,Principal,Oficial,Universidad,225720,True,True,15076,14336,14706.0,0,0,0.0,14706.0,3055,70,3125,UNIVERSIDAD DE CORDOBA-MONTERIA,2391,149,6.23,140.92,143.1,142.6
1114,2023,UNIVERSIDAD SURCOLOMBIANA,1114,Principal,Oficial,Universidad,225714,True,True,13871,13815,13843.0,819,767,793.0,14636.0,1824,632,2456,UNIVERSIDAD SURCOLOMBIANA-NEIVA,1682,54,3.21,149.63,150.69,150.58
1115,2023,UNIVERSIDAD DE LA AMAZONIA,1115,Principal,Oficial,Universidad,225726,True,True,8164,7562,7863.0,277,280,278.5,8141.5,2108,192,2300,UNIVERSIDAD DE LA AMAZONIA-FLORENCIA,1002,44,4.39,136.9,138.58,138.0
1117,2023,UNIVERSIDAD MILITAR-NUEVA GRANADA,1117,Principal,Oficial,Universidad,225717,True,True,16912,16503,16707.5,1925,1889,1907.0,18614.5,2272,1596,3868,UNIVERSIDAD MILITARNUEVA GRANADA-BOGOTÁ D.C.,2129,48,2.25,158.34,159.28,159.0
1118,2023,UNIVERSIDAD TECNOLOGICA DEL CHOCO-DIEGO LUIS CORDOBA,1118,Principal,Oficial,Universidad,225729,True,True,14777,13398,14087.5,64,65,64.5,14152.0,2039,23,2062,UNIVERSIDAD TECNOLOGICA DEL CHOCODIEGO LUIS CORDOBA-QUIBDO,1665,266,15.98,115.67,121.02,119.16
1119,2023,UNIVERSIDAD DE LOS LLANOS,1119,Principal,Oficial,Universidad,225723,True,True,6827,7070,6948.5,457,392,424.5,7373.0,899,257,1156,UNIVERSIDAD DE LOS LLANOS-VILLAVICENCIO,757,29,3.83,151.51,153.13,152.59
1120,2023,UNIVERSIDAD POPULAR DEL CESAR,1120,Principal,Oficial,Universidad,225722,True,True,12888,12705,12796.5,76,191,133.5,12930.0,2555,136,2691,UNIVERSIDAD POPULAR DEL CESAR-VALLEDUPAR,1949,98,5.03,138.74,140.47,140.07
1121,2023,UNIVERSIDAD-COLEGIO MAYOR DE CUNDINAMARCA,1121,Principal,Oficial,Universidad,225727,True,True,6604,6640,6622.0,231,277,254.0,6876.0,1005,186,1191,UNIVERSIDAD-COLEGIO MAYOR DE CUNDINAMARCA-BOGOTÁ D.C.,917,31,3.38,154.98,156.19,156.0
1122,2023,UNIVERSIDAD DEL PACIFICO,1122,Principal,Oficial,Universidad,225732,True,True,2699,2959,2829.0,0,0,0.0,2829.0,402,0,402,UNIVERSIDAD DEL PACIFICO-BUENAVENTURA,261,35,13.41,125.2,129.33,128.52
1123,2023,UNIVERSIDAD POPULAR DEL CESAR,1120,Seccional,Oficial,Universidad,225722,True,True,2730,2592,2661.0,3,3,3.0,2664.0,333,0,333,UNIVERSIDAD POPULAR DEL CESAR-AGUACHICA,366,39,10.66,131.33,134.54,134.11
1125,2023,UNIVERSIDAD NACIONAL DE COLOMBIA,1101,Seccional,Oficial,Universidad,225701,True,False,0,0,0.0,40,39,39.5,39.5,0,6,6,,,,,,,
1126,2023,UNIVERSIDAD NACIONAL DE COLOMBIA,1101,Seccional,Oficial,Universidad,225701,True,False,0,0,0.0,28,27,27.5,27.5,0,2,2,,,,,,,
1201,2023,UNIVERSIDAD DE ANTIOQUIA,1201,Principal,Oficial,Universidad,225702,True,True,33537,33934,33735.5,2645,2995,2820.0,36555.5,3983,1402,5385,UNIVERSIDAD DE ANTIOQUIA-MEDELLIN,2982,80,2.68,162.52,163.68,163.33
1202,2023,UNIVERSIDAD DEL ATLANTICO,1202,Principal,Oficial,Universidad,225718,True,True,21066,20670,20868.0,403,425,414.0,21282.0,3590,271,3861,UNIVERSIDAD DEL ATLANTICO-BARRANQUILLA,2507,89,3.55,150.28,151.61,151.3
1203,2023,UNIVERSIDAD DEL VALLE,1203,Principal,Oficial,Universidad,225703,True,True,32194,31362,31778.0,2496,2356,2426.0,34204.0,3938,1167,5105,UNIVERSIDAD DEL VALLE-CALI,2945,127,4.31,159.56,161.35,160.86
1204,2023,UNIVERSIDAD INDUSTRIAL DE SANTANDER,1204,Principal,Oficial,Universidad,225704,True,True,20297,20747,20522.0,1134,1031,1082.5,21604.5,2989,473,3462,UNIVERSIDAD INDUSTRIAL DE SANTANDER-BUCARAMANGA,2277,71,3.12,166.25,167.54,167.24
1205,2023,UNIVERSIDAD DE CARTAGENA,1205,Principal,Oficial,Universidad,225707,True,True,20859,20895,20877.0,3278,3675,3476.5,24353.5,3271,2514,5785,UNIVERSIDAD DE CARTAGENA-CARTAGENA,2387,133,5.57,144.04,146.27,145.53
1206,2023,UNIVERSIDAD DE NARIÑO,1206,Principal,Oficial,Universidad,225708,True,True,13994,13420,13707.0,1963,1832,1897.5,15604.5,1927,551,2478,UNIVERSIDAD DE NARIÑO-PASTO,1693,91,5.38,149.64,151.54,151.2
1207,2023,UNIVERSIDAD DEL TOLIMA,1207,Principal,Oficial,Universidad,225719,True,True,23384,23197,23290.5,854,877,865.5,24156.0,3507,832,4339,UNIVERSIDAD DEL TOLIMA-IBAGUE,3551,157,4.42,140.87,142.54,142.04
1208,2023,UNIVERSIDAD DEL QUINDIO,1208,Principal,Oficial,Universidad,225721,True,True,16483,16187,16335.0,271,268,269.5,16604.5,2050,71,2121,UNIVERSIDAD DEL QUINDIO-ARMENIA,1555,76,4.89,144.52,146.54,145.8
1209,2023,UNIVERSIDAD FRANCISCO DE PAULA SANTANDER,1209,Principal,Oficial,Universidad,225724,True,True,15396,14600,14998.0,500,575,537.5,15535.5,2125,145,2270,UNIVERSIDAD FRANCISCO DE PAULA SANTANDER-CUCUTA,1727,56,3.24,142.67,143.89,143.52
1210,2023,UNIVERSIDAD FRANCISCO DE PAULA SANTANDER,1209,Seccional,Oficial,Universidad,225725,True,True,5626,5460,5543.0,353,379,366.0,5909.0,877,196,1073,UNIVERSIDAD FRANCISCO DE PAULA SANTANDER-OCAÑA,698,38,5.44,139.18,141.18,140.6
1212,2023,UNIVERSIDAD DE PAMPLONA,1212,Principal,Oficial,Universidad,225713,True,True,22050,21519,21784.5,453,403,428.0,22212.5,3519,231,3750,UNIVERSIDAD DE PAMPLONA-PAMPLONA,2685,112,4.17,142.06,143.73,143.15
1213,2023,UNIVERSIDAD DEL MAGDALENA - UNIMAGDALENA,1213,Principal,Oficial,Universidad,225710,True,True,24011,24352,24181.5,604,512,558.0,24739.5,3520,439,3959,UNIVERSIDAD DEL MAGDALENA - UNIMAGDALENA-SANTA MARTA,2565,124,4.83,145.68,147.78,146.94
1214,2023,UNIVERSIDAD DE CUNDINAMARCA-UDEC,1214,Principal,Oficial,Universidad,225728,True,True,10077,9728,9902.5,275,258,266.5,10169.0,1862,324,2186,UNIVERSIDAD DE CUNDINAMARCA-UDEC-FUSAGASUGA,1447,72,4.98,147.32,149.05,148.75
1215,2023,UNIVERSIDAD DE CUNDINAMARCA-UDEC,1214,Seccional,Oficial,Universidad,225728,True,True,1629,1561,1595.0,0,0,0.0,1595.0,326,0,326,UNIVERSIDAD DE CUNDINAMARCA-UDEC-GIRARDOT,301,15,4.98,146.38,148.15,147.77
1216,2023,UNIVERSIDAD DE CUNDINAMARCA-UDEC,1214,Seccional,Oficial,Universidad,225728,True,True,582,561,571.5,0,0,0.0,571.5,73,0,73,UNIVERSIDAD DE CUNDINAMARCA-UDEC-UBATE,117,6,5.13,140.32,141.77,141.79
1217,2023,UNIVERSIDAD DE SUCRE,1217,Principal,Oficial,Universidad,225730,True,True,6117,6086,6101.5,166,189,177.5,6279.0,1034,111,1145,UNIVERSIDAD DE SUCRE-SINCELEJO,943,34,3.61,148.55,149.86,149.57
1218,2023,UNIVERSIDAD DE LA GUAJIRA,1218,Principal,Oficial,Universidad,225731,True,True,15163,15273,15218.0,377,389,383.0,15601.0,2812,299,3111,UNIVERSIDAD DE LA GUAJIRA-RIOHACHA,1790,103,5.75,129.84,132.18,131.16
1219,2023,UNIVERSIDAD DE ANTIOQUIA,1201,Seccional,Oficial,Universidad,225702,True,True,345,345,345.0,0,0,0.0,345.0,51,0,51,UNIVERSIDAD DE ANTIOQUIA-CARMEN DE VIBORAL,103,2,1.94,165.51,166.28,166.13
1220,2023,UNIVERSIDAD DE ANTIOQUIA,1201,Seccional,Oficial,Universidad,225702,True,True,197,182,189.5,0,0,0.0,189.5,42,0,42,UNIVERSIDAD DE ANTIOQUIA-ANDES,40,2,5.0,145.98,147.45,147.47
1221,2023,UNIVERSIDAD DE ANTIOQUIA,1201,Seccional,Oficial,Universidad,225702,True,True,250,187,218.5,43,38,40.5,259.0,10,15,25,UNIVERSIDAD DE ANTIOQUIA-CAUCASIA,40,0,0.0,152.38,152.38,152.38
1222,2023,UNIVERSIDAD DE ANTIOQUIA,1201,Seccional,Oficial,Universidad,225702,True,True,63,49,56.0,0,0,0.0,56.0,23,0,23,UNIVERSIDAD DE ANTIOQUIA-PUERTO BERRIO,14,0,0.0,136.57,136.57,136.57
1223,2023,UNIVERSIDAD DE ANTIOQUIA,1201,Seccional,Oficial,Universidad,225702,True,True,397,487,442.0,0,0,0.0,442.0,36,0,36,UNIVERSIDAD DE ANTIOQUIA-TURBO,16,0,0.0,144.62,144.62,144.62
1301,2023,UNIVERSIDAD DISTRITAL-FRANCISCO JOSE DE CALDAS,1301,Principal,Oficial,Universidad,225706,True,True,25898,23894,24896.0,0,0,0.0,24896.0,2643,595,3238,UNIVERSIDAD DISTRITALFRANCISCO JOSE DE CALDAS-BOGOTÁ D.C.,2419,47,1.94,165.39,166.02,166.04
1701,2023,PONTIFICIA UNIVERSIDAD JAVERIANA,1701,Principal,Privado,Universidad,,True,True,18791,18505,18648.0,5145,4823,4984.0,23632.0,3306,2918,6224,PONTIFICIA UNIVERSIDAD JAVERIANA-BOGOTÁ D.C.,2526,34,1.35,172.27,172.83,172.71
1702,2023,PONTIFICIA UNIVERSIDAD JAVERIANA,1701,Seccional,Privado,Universidad,,True,True,6906,6920,6913.0,1513,1519,1516.0,8429.0,1252,920,2172,PONTIFICIA UNIVERSIDAD JAVERIANA-CALI,1526,36,2.36,169.4,170.41,170.16
1703,2023,UNIVERSIDAD INCCA DE COLOMBIA,1703,Principal,Privado,Universidad,,True,True,488,710,599.0,463,288,375.5,974.5,221,293,514,UNIVERSIDAD INCCA DE COLOMBIA-BOGOTÁ D.C.,104,2,1.92,138.71,139.52,139.18
1704,2023,UNIVERSIDAD SANTO TOMAS,1704,Principal,Privado,Universidad,,True,True,13969,12742,13355.5,1904,2021,1962.5,15318.0,2934,1490,4424,UNIVERSIDAD SANTO TOMAS-BOGOTÁ D.C.,2235,79,3.53,150.72,152.14,151.71
1705,2023,UNIVERSIDAD SANTO TOMAS,1704,Seccional,Privado,Universidad,,True,True,4787,4663,4725.0,1262,1488,1375.0,6100.0,1067,777,1844,UNIVERSIDAD SANTO TOMAS-BUCARAMANGA,807,73,9.05,147.78,151.03,150.37
1706,2023,UNIVERSIDAD EXTERNADO DE COLOMBIA,1706,Principal,Privado,Universidad,,True,True,5332,5279,5305.5,7840,6869,7354.5,12660.0,1059,5133,6192,UNIVERSIDAD EXTERNADO DE COLOMBIA-BOGOTÁ D.C.,1002,17,1.7,170.16,170.93,170.69
1707,2023,FUNDACION UNIVERSIDAD DE BOGOTA - JORGE TADEO LOZANO,1707,Principal,Privado,Universidad,,True,True,5710,5826,5768.0,1049,902,975.5,6743.5,1107,874,1981,FUNDACION UNIVERSIDAD DE BOGOTAJORGE TADEO LOZANO-BOGOTÁ D.C.,877,14,1.6,157.72,158.24,158.22
1708,2023,FUNDACION UNIVERSIDAD DE BOGOTA - JORGE TADEO LOZANO,1707,Seccional,Privado,Universidad,,True,True,89,71,80.0,0,0,0.0,80.0,44,0,44,FUNDACION UNIVERSIDAD DE BOGOTAJORGE TADEO LOZANO-CARTAGENA,26,1,3.85,142.96,144.04,144.06
1709,2023,UNIVERSIDAD CENTRAL,1709,Principal,Privado,Universidad,,True,True,6633,6099,6366.0,891,964,927.5,7293.5,1556,541,2097,UNIVERSIDAD CENTRAL-BOGOTÁ D.C.,1011,18,1.78,150.26,150.79,150.8
1710,2023,UNIVERSIDAD PONTIFICIA BOLIVARIANA,1710,Principal,Privado,Universidad,,True,True,10100,9711,9905.5,3178,2826,3002.0,12907.5,1922,1653,3575,UNIVERSIDAD PONTIFICIA BOLIVARIANA-MEDELLIN,1603,53,3.31,163.03,164.84,163.94
1711,2023,UNIVERSIDAD DE LA SABANA,1711,Principal,Privado,Universidad,,True,True,10164,9746,9955.0,3180,3316,3248.0,13203.0,1650,2096,3746,UNIVERSIDAD DE LA SABANA-CHIA,1484,5,0.34,179.23,179.33,179.35
1712,2023,UNIVERSIDAD EAFIT-,1712,Principal,Privado,Universidad,,True,True,9652,9200,9426.0,3517,3555,3536.0,12962.0,1532,2300,3832,UNIVERSIDAD EAFIT--MEDELLIN,1658,42,2.53,169.01,170.01,169.84
1713,2023,UNIVERSIDAD DEL NORTE,1713,Principal,Privado,Universidad,,True,True,11383,11055,11219.0,1910,1792,1851.0,13070.0,2328,1344,3672,UNIVERSIDAD DEL NORTE-BARRANQUILLA,2001,70,3.5,171.17,172.66,172.31
1714,2023,COLEGIO MAYOR DE NUESTRA SEÑORA DEL ROSARIO,1714,Principal,Privado,Universidad,,True,True,9870,9348,9609.0,4021,3700,3860.5,13469.5,2008,2658,4666,COLEGIO MAYOR DE NUESTRA SEÑORA DEL ROSARIO-BOGOTÁ D.C.,1541,13,0.84,179.35,179.76,179.63
1715,2023,FUNDACION UNIVERSIDAD DE AMERICA,1715,Principal,Privado,Universidad,,True,True,2136,1934,2035.0,933,843,888.0,2923.0,371,622,993,FUNDACION UNIVERSIDAD DE AMERICA-BOGOTÁ D.C.,294,7,2.38,157.11,157.91,157.84
1716,2023,UNIVERSIDAD DE SAN BUENAVENTURA,1718,Seccional,Privado,Universidad,,True,True,4075,4037,4056.0,728,767,747.5,4803.5,667,428,1095,UNIVERSIDAD DE SAN BUENAVENTURA-CALI,688,43,6.25,146.09,148.37,147.85
1717,2023,UNIVERSIDAD DE SAN BUENAVENTURA,1718,Seccional,Privado,Universidad,,True,True,3128,2947,3037.5,344,317,330.5,3368.0,621,186,807,UNIVERSIDAD DE SAN BUENAVENTURA-MEDELLIN,426,17,3.99,144.08,145.57,145.16
1718,2023,UNIVERSIDAD DE SAN BUENAVENTURA,1718,Principal,Privado,Universidad,,True,True,1830,1927,1878.5,322,189,255.5,2134.0,368,201,569,UNIVERSIDAD DE SAN BUENAVENTURA-BOGOTÁ D.C.,244,7,2.87,157.16,158.16,158.04
1719,2023,UNIVERSIDAD CATOLICA DE COLOMBIA,1719,Principal,Privado,Universidad,,True,True,6640,6121,6380.5,1839,1680,1759.5,8140.0,1486,1825,3311,UNIVERSIDAD CATOLICA DE COLOMBIA-BOGOTÁ D.C.,1037,20,1.93,149.49,150.07,150.07
1720,2023,UNIVERSIDAD MARIANA,1720,Principal,Privado,Universidad,,True,True,6211,6190,6200.5,430,393,411.5,6612.0,1250,388,1638,UNIVERSIDAD MARIANA-PASTO,1193,67,5.62,140.7,142.94,142.14
1722,2023,UNIVERSIDAD DE MANIZALES,1722,Principal,Privado,Universidad,,True,True,5451,5243,5347.0,1658,1599,1628.5,6975.5,1155,860,2015,UNIVERSIDAD DE MANIZALES-MANIZALES,804,28,3.48,146.06,147.21,147.05
1723,2023,UNIVERSIDAD PONTIFICIA BOLIVARIANA,1710,Seccional,Privado,Universidad,,True,True,3832,3543,3687.5,1101,1004,1052.5,4740.0,721,868,1589,UNIVERSIDAD PONTIFICIA BOLIVARIANA-BUCARAMANGA,645,25,3.88,157.81,159.26,158.99
1724,2023,UNIVERSIDAD DE SAN BUENAVENTURA,1718,Seccional,Privado,Universidad,,True,True,4026,3954,3990.0,183,194,188.5,4178.5,661,176,837,UNIVERSIDAD DE SAN BUENAVENTURA-CARTAGENA,757,58,7.66,136.15,138.85,138.13
1725,2023,FUNDACION UNIVERSIDAD AUTONOMA DE COLOMBIA -FUAC-,1725,Principal,Privado,Universidad,,True,True,701,413,557.0,180,209,194.5,751.5,366,133,499,FUNDACION UNIVERSIDAD AUTONOMA DE COLOMBIA -FUAC--BOGOTÁ D.C.,213,9,4.23,142.74,144.81,143.75
1726,2023,UNIVERSIDAD CATOLICA DE ORIENTE -UCO,1726,Principal,Privado,Universidad,,True,True,4272,3961,4116.5,328,299,313.5,4430.0,652,255,907,UNIVERSIDAD CATOLICA DE ORIENTE-RIONEGRO,722,25,3.46,145.3,146.52,146.25
1727,2023,UNIVERSIDAD PONTIFICIA BOLIVARIANA,1710,Seccional,Privado,Universidad,,True,True,3834,3761,3797.5,364,351,357.5,4155.0,408,361,769,UNIVERSIDAD PONTIFICIA BOLIVARIANA-MONTERIA,608,21,3.45,152.15,153.51,153.14
1728,2023,UNIVERSIDAD SERGIO ARBOLEDA,1728,Principal,Privado,Universidad,,True,True,7292,6883,7087.5,2786,2570,2678.0,9765.5,1340,1831,3171,UNIVERSIDAD SERGIO ARBOLEDA-BOGOTÁ D.C.,967,26,2.69,157.7,158.85,158.48
1729,2023,UNIVERSIDAD EL BOSQUE,1729,Principal,Privado,Universidad,,True,True,10595,10347,10471.0,2631,2608,2619.5,13090.5,1667,1427,3094,UNIVERSIDAD EL BOSQUE-BOGOTÁ D.C.,1696,34,2.0,159.4,160.24,159.99
1730,2023,UNIVERSIDAD PONTIFICIA BOLIVARIANA,1710,Seccional,Privado,Universidad,,True,True,383,374,378.5,12,11,11.5,390.0,50,23,73,UNIVERSIDAD PONTIFICIA BOLIVARIANA-PALMIRA,87,4,4.6,148.41,149.81,149.79
1731,2023,UNIVERSIDAD CATOLICA DE COLOMBIA,1719,Seccional,Privado,Universidad,,True,False,0,0,0.0,0,0,0.0,0.0,1,0,1,,,,,,,
1732,2023,UNIVERSIDAD SANTO TOMAS,1704,Seccional,Privado,Universidad,,True,True,3991,3767,3879.0,649,693,671.0,4550.0,666,547,1213,UNIVERSIDAD SANTO TOMAS-TUNJA,623,34,5.46,148.48,150.59,150.01
1733,2023,UNIVERSIDAD SERGIO ARBOLEDA,1728,Seccional,Privado,Universidad,,True,True,2320,2233,2276.5,426,484,455.0,2731.5,359,185,544,UNIVERSIDAD SERGIO ARBOLEDA-SANTA MARTA,389,12,3.08,148.46,149.62,149.33
1734,2023,UNIVERSIDAD DE BOYACA UNIBOYACA,1734,Principal,Privado,Universidad,,True,True,4908,4819,4863.5,695,632,663.5,5527.0,755,520,1275,UNIVERSIDAD DE BOYACA - UNIBOYACA-TUNJA,759,25,3.29,147.37,148.6,148.29
1735,2023,UNIVERSIDAD MANUELA BELTRAN-UMB-,1735,Principal,Privado,Universidad,,True,True,6451,6314,6382.5,1203,1115,1159.0,7541.5,1052,663,1715,UNIVERSIDAD MANUELA BELTRAN-UMB--BOGOTÁ D.C.,736,30,4.08,148.92,150.53,150.05
1801,2023,UNIVERSIDAD LA GRAN COLOMBIA,1801,Principal,Privado,Universidad,,True,True,6444,6375,6409.5,1051,1033,1042.0,7451.5,1406,756,2162,UNIVERSIDAD LA GRAN COLOMBIA-BOGOTÁ D.C.,1344,48,3.57,145.69,147.12,146.65
1802,2023,UNIVERSIDAD LA GRAN COLOMBIA,1801,Seccional,Privado,Universidad,,True,True,2180,2125,2152.5,145,110,127.5,2280.0,375,185,560,UNIVERSIDAD LA GRAN COLOMBIA-ARMENIA,298,19,6.38,151.76,153.71,153.72
1803,2023,UNIVERSIDAD DE LA SALLE,1803,Principal,Privado,Universidad,,True,True,7641,7503,7572.0,1328,1387,1357.5,8929.5,1553,743,2296,UNIVERSIDAD DE LA SALLE-BOGOTÁ D.C.,1241,34,2.74,152.8,154.01,153.55
1804,2023,UNIVERSIDAD AUTONOMA DEL CARIBE- UNIAUTONOMA,1804,Principal,Privado,Universidad,,True,True,5990,5570,5780.0,629,760,694.5,6474.5,1362,548,1910,UNIVERSIDAD AUTONOMA DEL CARIBE-BARRANQUILLA,941,63,6.7,136.96,139.54,138.65
1805,2023,UNIVERSIDAD SANTIAGO DE CALI,1805,Principal,Privado,Universidad,,True,True,18753,18670,18711.5,1199,1245,1222.0,19933.5,2669,942,3611,UNIVERSIDAD SANTIAGO DE CALI-CALI,2305,124,5.38,138.46,140.54,139.82
1806,2023,UNIVERSIDAD LIBRE,1806,Principal,Privado,Universidad,,True,True,6632,6809,6720.5,2119,1989,2054.0,8774.5,1149,1701,2850,UNIVERSIDAD LIBRE-BOGOTÁ D.C.,816,34,4.17,151.29,152.99,152.46
1807,2023,UNIVERSIDAD LIBRE,1806,Seccional,Privado,Universidad,,True,True,4541,4442,4491.5,818,773,795.5,5287.0,1056,644,1700,UNIVERSIDAD LIBRE-CALI,860,36,4.19,146.38,147.94,147.55
1808,2023,UNIVERSIDAD LIBRE,1806,Seccional,Privado,Universidad,,True,True,5089,4964,5026.5,1044,996,1020.0,6046.5,916,851,1767,UNIVERSIDAD LIBRE-BARRANQUILLA,850,47,5.53,148.33,150.56,149.85
1809,2023,UNIVERSIDAD LIBRE,1806,Seccional,Privado,Universidad,,True,True,2941,2791,2866.0,532,426,479.0,3345.0,644,448,1092,UNIVERSIDAD LIBRE-PEREIRA,447,17,3.8,150.86,152.75,151.84
1810,2023,UNIVERSIDAD LIBRE,1806,Seccional,Privado,Universidad,,True,True,1451,1411,1431.0,346,381,363.5,1794.5,378,512,890,UNIVERSIDAD LIBRE-CUCUTA,205,9,4.39,158.47,160.49,159.72
1811,2023,UNIVERSIDAD LIBRE,1806,Seccional,Privado,Universidad,,True,True,738,706,722.0,112,126,119.0,841.0,196,96,292,UNIVERSIDAD LIBRE-SOCORRO,126,6,4.76,147.21,149.23,148.48
1812,2023,UNIVERSIDAD DE MEDELLIN,1812,Principal,Privado,Universidad,,True,True,6731,6236,6483.5,1363,1221,1292.0,7775.5,1256,1157,2413,UNIVERSIDAD DE MEDELLIN-MEDELLIN,880,25,2.84,158.93,159.77,159.85
1813,2023,UNIVERSIDAD DE LOS ANDES,1813,Principal,Privado,Universidad,,True,True,16919,17532,17225.5,4761,4922,4841.5,22067.0,2791,2314,5105,UNIVERSIDAD DE LOS ANDES-BOGOTÁ D.C.,2573,32,1.24,186.68,187.24,187.13
1814,2023,UNIVERSIDAD AUTONOMA LATINOAMERICANA-UNAULA-,1814,Principal,Privado,Universidad,,True,True,3212,2940,3076.0,1155,1073,1114.0,4190.0,646,1060,1706,UNIVERSIDAD AUTONOMA LATINOAMERICANA-UNAULA-MEDELLIN,443,13,2.93,151.31,152.7,152.09
1815,2023,CORPORACION UNIVERSIDAD PILOTO DE COLOMBIA,1815,Principal,Privado,Universidad,,True,True,3592,3443,3517.5,1330,1431,1380.5,4898.0,825,764,1589,CORPORACION UNIVERSIDAD PILOTO DE COLOMBIA-BOGOTÁ D.C.,528,15,2.84,151.28,152.47,152.06
1816,2023,UNIVERSIDAD COOPERATIVA DE COLOMBIA,1818,Seccional,Privado,Universidad,,True,True,3991,3951,3971.0,335,413,374.0,4345.0,657,367,1024,UNIVERSIDAD COOPERATIVA DE COLOMBIA-MEDELLIN,595,33,5.55,140.71,142.69,142.19
1817,2023,UNIVERSIDAD COOPERATIVA DE COLOMBIA,1818,Seccional,Privado,Universidad,,True,True,3317,3370,3343.5,164,164,164.0,3507.5,661,127,788,UNIVERSIDAD COOPERATIVA DE COLOMBIA-BUCARAMANGA,567,34,6.0,139.75,142.21,141.27
1818,2023,UNIVERSIDAD COOPERATIVA DE COLOMBIA,1818,Principal,Privado,Universidad,,True,True,21605,20979,21292.0,1227,1340,1283.5,22575.5,4984,1299,6283,UNIVERSIDAD COOPERATIVA DE COLOMBIA-BOGOTÁ D.C.,3268,168,5.14,136.4,138.31,137.69
1819,2023,UNIVERSIDAD COOPERATIVA DE COLOMBIA,1818,Seccional,Privado,Universidad,,True,True,445,418,431.5,49,42,45.5,477.0,157,52,209,UNIVERSIDAD COOPERATIVA DE COLOMBIA-BARRANCABERMEJA,132,4,3.03,138.82,139.91,139.61
1820,2023,UNIVERSIDAD COOPERATIVA DE COLOMBIA,1818,Seccional,Privado,Universidad,,True,True,3869,3755,3812.0,133,113,123.0,3935.0,642,188,830,UNIVERSIDAD COOPERATIVA DE COLOMBIA-SANTA MARTA,913,64,7.01,138.28,140.74,140.13
1822,2023,CORPORACION UNIVERSIDAD PILOTO DE COLOMBIA,1815,Seccional,Privado,Universidad,,True,True,929,937,933.0,64,47,55.5,988.5,192,61,253,CORPORACION UNIVERSIDAD PILOTO DE COLOMBIA-GIRARDOT,190,13,6.84,137.01,139.62,138.75
1823,2023,UNIVERSIDAD AUTONOMA DE BUCARAMANGA-UNAB-,1823,Principal,Privado,Universidad,,True,True,7835,7591,7713.0,1478,1396,1437.0,9150.0,1488,1173,2661,UNIVERSIDAD AUTONOMA DE BUCARAMANGA-UNAB-BUCARAMANGA,930,38,4.09,153.61,155.11,154.82
1824,2023,UNIVERSIDAD METROPOLITANA,1824,Principal,Privado,Universidad,,True,True,4800,4748,4774.0,43,117,80.0,4854.0,817,36,853,UNIVERSIDAD METROPOLITANA-BARRANQUILLA,684,37,5.41,142.01,143.75,143.52
1825,2023,UNIVERSIDAD AUTONOMA DE MANIZALES,1825,Principal,Privado,Universidad,,True,True,3580,3228,3404.0,835,752,793.5,4197.5,690,282,972,UNIVERSIDAD AUTONOMA DE MANIZALES-MANIZALES,412,11,2.67,153.95,155.13,154.7
1826,2023,UNIVERSIDAD ANTONIO NARIÑO,1826,Principal,Privado,Universidad,,True,True,13094,12820,12957.0,667,689,678.0,13635.0,2017,329,2346,UNIVERSIDAD ANTONIO NARIÑO-BOGOTÁ D.C.,2077,193,9.29,139.56,142.95,142.03
1827,2023,UNIVERSIDAD CATOLICA DE MANIZALES,1827,Principal,Privado,Universidad,,True,True,1914,1880,1897.0,841,804,822.5,2719.5,453,588,1041,UNIVERSIDAD CATOLICA DE MANIZALES-MANIZALES,246,13,5.28,141.81,143.91,143.18
1828,2023,UNIVERSIDAD ICESI,1828,Principal,Privado,Universidad,,True,True,5896,6015,5955.5,2082,2076,2079.0,8034.5,1079,1102,2181,UNIVERSIDAD ICESI-CALI,730,34,4.66,174.01,175.94,175.56
1829,2023,UNIVERSIDAD SANTIAGO DE CALI,1805,Seccional,Privado,Universidad,,True,True,2374,2180,2277.0,0,0,0.0,2277.0,449,0,449,UNIVERSIDAD SANTIAGO DE CALI-PALMIRA,286,26,9.09,140.2,143.4,142.66
1830,2023,UNIVERSIDAD AUTONOMA DE OCCIDENTE,1830,Principal,Privado,Universidad,,True,True,6724,6677,6700.5,1692,1868,1780.0,8480.5,1542,1631,3173,UNIVERSIDAD AUTONOMA DE OCCIDENTE-CALI,1059,37,3.49,154.72,156.14,155.73
1831,2023,UNIVERSIDAD DE IBAGUE,1831,Principal,Privado,Universidad,,True,True,4746,4435,4590.5,235,241,238.0,4828.5,763,138,901,UNIVERSIDAD DE IBAGUE-IBAGUE,398,8,2.01,147.72,148.49,148.27
1832,2023,UNIVERSIDAD TECNOLOGICA DE BOLIVAR,1832,Principal,Privado,Universidad,,True,True,5275,4976,5125.5,657,598,627.5,5753.0,987,511,1498,UNIVERSIDAD TECNOLOGICA DE BOLIVAR-CARTAGENA,716,19,2.65,153.59,154.42,154.4
1833,2023,UNIVERSIDAD DEL SINU - ELIAS BECHARA ZAINUM - UNISINU -,1833,Principal,Privado,Universidad,,True,True,9348,9226,9287.0,457,524,490.5,9777.5,1745,334,2079,UNIVERSIDAD DEL SINÚ 'Elías Bechara Zainúm' - UNISINÚ-MONTERIA,1683,117,6.95,136.8,139.19,138.63
1834,2023,UNIVERSIDAD DEL SINU - ELIAS BECHARA ZAINUM - UNISINU -,1833,Seccional,Privado,Universidad,,True,True,5771,5711,5741.0,138,160,149.0,5890.0,885,63,948,UNIVERSIDAD DEL SINÚ 'Elías Bechara Zainúm' - UNISINÚ-CARTAGENA,717,50,6.97,134.12,136.63,135.87
1835,2023,UNIVERSIDAD DE CIENCIAS APLICADAS Y AMBIENTALES - UDCA,1835,Principal,Privado,Universidad,,True,True,4561,4737,4649.0,242,234,238.0,4887.0,1036,301,1337,UNIVERSIDAD DE CIENCIAS APLICADAS Y AMBIENTALES UDCA.-BOGOTÁ D.C.,666,16,2.4,151.86,152.78,152.55
2102,2023,UNIVERSIDAD NACIONAL ABIERTA Y A DISTANCIA UNAD,2102,Principal,Oficial,Universidad,225709,True,True,142068,145630,143849.0,4409,3670,4039.5,147888.5,8766,1771,10537,UNIVERSIDAD NACIONAL ABIERTA Y A DISTANCIA UNAD-BOGOTÁ D.C.,8594,387,4.5,135.87,137.6,136.99
2104,2023,ESCUELA SUPERIOR DE ADMINISTRACION PUBLICA-ESAP-,2104,Principal,Oficial,Institución Universitaria/Escuela Tecnológica,,True,True,16399,14606,15502.5,985,715,850.0,16352.5,2301,628,2929,ESCUELA SUPERIOR DE ADMINISTRACION PUBLICA-ESAP-BOGOTÁ D.C.,1928,131,6.79,133.62,136.26,135.28
2106,2023,DIRECCION DE EDUCACION POLICIAL,2106,Principal,Oficial,Institución Universitaria/Escuela Tecnológica,,True,True,9811,19934,14872.5,241,549,395.0,15267.5,6963,251,7214,DIRECCION NACIONAL DE ESCUELAS-BOGOTÁ D.C.,331,11,3.32,138.19,139.32,139.07
2110,2023,COLEGIO MAYOR DE ANTIOQUIA,2110,Principal,Oficial,Institución Universitaria/Escuela Tecnológica,,True,True,4810,4731,4770.5,65,57,61.0,4831.5,925,54,979,COLEGIO MAYOR DE ANTIOQUIA-MEDELLIN,499,19,3.81,145.35,146.82,146.38
2114,2023,ESCUELA NACIONAL DEL DEPORTE,2114,Principal,Oficial,Institución Universitaria/Escuela Tecnológica,,True,True,3537,3484,3510.5,169,179,174.0,3684.5,754,147,901,ESCUELA NACIONAL DEL DEPORTE-CALI,638,20,3.13,140.41,141.49,141.24
2206,2023,INSTITUTO DEPARTAMENTAL DE BELLAS ARTES,2206,Principal,Oficial,Institución Universitaria/Escuela Tecnológica,,True,True,750,829,789.5,0,0,0.0,789.5,83,0,83,INSTITUTO DEPARTAMENTAL DE BELLAS ARTES-CALI,98,4,4.08,150.13,151.09,151.44
2207,2023,INSTITUTO UNIVERSITARIO DE LA PAZ,2207,Principal,Oficial,Institución Universitaria/Escuela Tecnológica,,True,True,4168,4188,4178.0,43,26,34.5,4212.5,622,33,655,INSTITUTO UNIVERSITARIO DE LA PAZ-BARRANCABERMEJA,515,28,5.44,133.83,136.08,135.13
2208,2023,CONSERVATORIO DEL TOLIMA,2208,Principal,Oficial,Institución Universitaria/Escuela Tecnológica,,True,True,561,535,548.0,0,20,10.0,558.0,67,0,67,CONSERVATORIO DEL TOLIMA-IBAGUE,48,3,6.25,145.56,148.22,147.21
2209,2023,POLITECNICO COLOMBIANO JAIME ISAZA CADAVID,2209,Principal,Oficial,Institución Universitaria/Escuela Tecnológica,,True,True,11500,11088,11294.0,217,296,256.5,11550.5,1784,166,1950,POLITECNICO COLOMBIANOJAIME ISAZA CADAVID-MEDELLIN,1008,17,1.69,146.75,147.4,147.21
2211,2023,INSTITUCION UNIVERSITARIA BELLAS ARTES Y CIENCIAS DE BOLIVAR,2211,Principal,Oficial,Institución Universitaria/Escuela Tecnológica,,True,True,1487,1452,1469.5,0,0,0.0,1469.5,251,0,251,INSTITUCION UNIVERSITARIA BELLAS ARTES Y CIENCIAS DE BOLIVAR-CARTAGENA,197,21,10.66,134.15,138.01,136.94
2301,2023,UNIDAD CENTRAL DEL VALLE DEL CAUCA,2301,Principal,Oficial,Institución Universitaria/Escuela Tecnológica,,True,True,5355,5533,5444.0,132,50,91.0,5535.0,607,88,695,UNIDAD CENTRAL DEL VALLE DEL CAUCA-TULUA,534,23,4.31,148.32,150.28,149.46
2302,2023,INSTITUCION UNIVERSITARIA DE ENVIGADO,2302,Principal,Oficial,Institución Universitaria/Escuela Tecnológica,,True,True,5124,5174,5149.0,305,228,266.5,5415.5,541,249,790,INSTITUCION UNIVERSITARIA DE ENVIGADO-ENVIGADO,525,9,1.71,146.07,146.75,146.54
2701,2023,INSTITUCION UNIVERSITARIA COLEGIOS DE COLOMBIA - UNICOC,2701,Principal,Privado,Institución Universitaria/Escuela Tecnológica,,True,True,1655,1647,1651.0,332,316,324.0,1975.0,246,133,379,INSTITUCION UNIVERSITARIA COLEGIOS DE COLOMBIA -UNICOC-BOGOTÁ D.C.,243,8,3.29,145.05,146.16,145.98
2702,2023,FUNDACION UNIVERSITARIA DE CIENCIAS DE LA SALUD,2702,Principal,Privado,Institución Universitaria/Escuela Tecnológica,,True,True,3432,3626,3529.0,1557,1663,1610.0,5139.0,705,872,1577,FUNDACION UNIVERSITARIA DE CIENCIAS DE LA SALUD-BOGOTÁ D.C.,543,21,3.87,153.81,155.26,154.94
2704,2023,COLEGIO DE ESTUDIOS SUPERIORES DE ADMINISTRACION-CESA-,2704,Principal,Privado,Institución Universitaria/Escuela Tecnológica,,True,True,1272,1333,1302.5,478,379,428.5,1731.0,185,355,540,COLEGIO DE ESTUDIOS SUPERIORES DE ADMINISTRACION-CESA-BOGOTÁ D.C.,223,3,1.35,179.47,180.08,179.92
2707,2023,FUNDACIÓN UNIVERSITARIA JUAN N. CORPAS,2707,Principal,Privado,Institución Universitaria/Escuela Tecnológica,,True,True,2104,2074,2089.0,308,304,306.0,2395.0,371,165,536,FUNDACION UNIVERSITARIA JUAN N. CORPAS-BOGOTÁ D.C.,314,13,4.14,152.17,153.76,153.36
2708,2023,UNIVERSIDAD CES,2708,Principal,Privado,Universidad,,True,True,4979,4848,4913.5,1513,1507,1510.0,6423.5,782,947,1729,UNIVERSIDAD CES-MEDELLIN,589,27,4.58,164.31,166.22,165.75
2709,2023,FUNDACION UNIVERSITARIA SAN MARTIN,2709,Principal,Privado,Institución Universitaria/Escuela Tecnológica,,True,True,6484,6858,6671.0,0,0,0.0,6671.0,477,0,477,FUNDACION UNIVERSITARIA SAN MARTIN-BOGOTÁ D.C.,970,54,5.57,139.72,142.05,141.11
2710,2023,FUNDACION UNIVERSITARIA MONSERRATE -UNIMONSERRATE,2710,Principal,Privado,Institución Universitaria/Escuela Tecnológica,,True,True,1453,1554,1503.5,210,194,202.0,1705.5,307,98,405,FUNDACION UNIVERSITARIA MONSERRATE - UNIMONSERRATE-BOGOTÁ D.C.,217,5,2.3,137.96,139.06,138.49
2711,2023,UNIVERSIDAD CATOLICA DE PEREIRA,2711,Principal,Privado,Universidad,,True,True,2504,2388,2446.0,347,365,356.0,2802.0,453,269,722,UNIVERSIDAD CATOLICA DE PEREIRA-PEREIRA,431,20,4.64,148.48,150.26,149.77
2712,2023,FUNDACION UNIVERSITARIA KONRAD LORENZ,2712,Principal,Privado,Institución Universitaria/Escuela Tecnológica,,True,True,3361,3495,3428.0,566,604,585.0,4013.0,615,482,1097,FUNDACION UNIVERSITARIA KONRAD LORENZ-BOGOTÁ D.C.,675,12,1.78,157.15,157.79,157.69
2713,2023,FUNDACION UNIVERSITARIA LOS LIBERTADORES,2713,Principal,Privado,Institución Universitaria/Escuela Tecnológica,,True,True,5768,5868,5818.0,2381,2403,2392.0,8210.0,1137,1433,2570,FUNDACION UNIVERSITARIA LOS LIBERTADORES-BOGOTÁ D.C.,739,20,2.71,142.61,143.67,143.31
2715,2023,FUNDACION UNIVERSITARIA DE POPAYAN,2715,Principal,Privado,Institución Universitaria/Escuela Tecnológica,,True,True,5992,5840,5916.0,197,209,203.0,6119.0,1219,202,1421,FUNDACION UNIVERSITARIA DE POPAYAN-POPAYAN,1010,50,4.95,129.37,131.11,130.56
2719,2023,UNIVERSIDAD CATÓLICA LUIS AMIGÓ,2719,Principal,Privado,Universidad,,True,True,14104,13555,13829.5,412,472,442.0,14271.5,1955,365,2320,FUNDACION UNIVERSITARIA LUIS AMIGO FUNLAM-MEDELLIN,1746,110,6.3,142.75,145.02,144.47
2720,2023,FUNDACION UNIVERSITARIA JUAN DE CASTELLANOS,2720,Principal,Privado,Institución Universitaria/Escuela Tecnológica,,True,True,2718,2527,2622.5,402,385,393.5,3016.0,639,422,1061,FUNDACION UNIVERSITARIA JUAN DE CASTELLANOS-TUNJA,492,19,3.86,139.35,141.03,140.28
2721,2023,FUNDACION UNIVERSITARIA MARIA CANO,2721,Principal,Privado,Institución Universitaria/Escuela Tecnológica,,True,True,3374,3229,3301.5,67,90,78.5,3380.0,643,130,773,FUNDACION UNIVERSITARIA MARIA CANO-MEDELLIN,566,24,4.24,135.83,137.38,136.9
2723,2023,FUNDACION UNIVERSITARIA AGRARIA DE COLOMBIA -UNIAGRARIA-,2723,Principal,Privado,Institución Universitaria/Escuela Tecnológica,,True,True,2771,2986,2878.5,333,438,385.5,3264.0,514,164,678,FUNDACION UNIVERSITARIA AGRARIA DE COLOMBIA -UNIAGRARIA-BOGOTÁ D.C.,327,10,3.06,150.1,151.2,150.99
2724,2023,FUNDACION UNIVERSITARIA DE SAN GIL - UNISANGIL -,2724,Principal,Privado,Institución Universitaria/Escuela Tecnológica,,True,True,2455,2317,2386.0,112,51,81.5,2467.5,505,115,620,FUNDACION UNIVERSITARIA DE SAN GIL - UNISANGIL -SAN GIL,452,22,4.87,142.9,144.63,144.22
2725,2023,POLITECNICO GRANCOLOMBIANO,2725,Principal,Privado,Institución Universitaria/Escuela Tecnológica,,True,True,48575,48078,48326.5,3009,3331,3170.0,51496.5,12690,2132,14822,POLITECNICO GRANCOLOMBIANO-BOGOTÁ D.C.,8300,272,3.28,137.2,138.46,138.01
2727,2023,FUNDACION UNIVERSITARIA-CEIPA-,2727,Principal,Privado,Institución Universitaria/Escuela Tecnológica,,True,True,4149,4292,4220.5,655,667,661.0,4881.5,770,443,1213,FUNDACION UNIVERSITARIA-CEIPA-SABANETA,811,26,3.21,144.0,145.2,144.87
2728,2023,FUNDACION UNIVERSITARIA DEL AREA ANDINA,2728,Principal,Privado,Institución Universitaria/Escuela Tecnológica,,True,True,27847,28345,28096.0,4409,4850,4629.5,32725.5,7041,3624,10665,FUNDACION UNIVERSITARIA DEL AREA ANDINA-BOGOTÁ D.C.,6718,256,3.81,136.74,138.11,137.72
2730,2023,FUNDACION ESCUELA COLOMBIANA DE REHABILITACION,2730,Principal,Privado,Institución Universitaria/Escuela Tecnológica,,True,True,930,1030,980.0,87,96,91.5,1071.5,159,90,249,FUNDACION ESCUELA COLOMBIANA DE REHABILITACION-BOGOTÁ D.C.,133,5,3.76,143.05,144.54,144.05
2731,2023,FUNDACION UNIVERSITARIA CATOLICA LUMEN GENTIUM - UNICATÓLICA - CALI,2731,Principal,Privado,Institución Universitaria/Escuela Tecnológica,,True,True,2763,2257,2510.0,153,1,77.0,2587.0,1156,138,1294,FUNDACION UNIVERSITARIA CATOLICA LUMEN GENTIUM-CALI,873,41,4.7,135.61,137.39,136.78
2732,2023,FUNDACION UNIVERSITARIA CATOLICA DEL NORTE,2732,Principal,Privado,Institución Universitaria/Escuela Tecnológica,,True,True,4098,3967,4032.5,427,403,415.0,4447.5,508,307,815,FUNDACION UNIVERSITARIA CATOLICA DEL NORTE-SANTA ROSA DE OSOS,629,21,3.34,138.11,139.46,138.93
2733,2023,FUNDACIÓN UNIVERSITARIA SAN ALFONSO- FUSA-,2733,Principal,Privado,Institución Universitaria/Escuela Tecnológica,,True,True,191,178,184.5,8,9,8.5,193.0,51,8,59,FUNDACIÓN UNIVERSITARIA SAN ALFONSO- FUSA-BOGOTÁ D.C.,50,1,2.0,135.56,136.63,135.98
2736,2023,FUNDACION UNIVERSITARIA SEMINARIO BIBLICO DE COLOMBIA - FUSBC,2736,Principal,Privado,Institución Universitaria/Escuela Tecnológica,,True,True,175,185,180.0,15,14,14.5,194.5,14,0,14,FUNDACION UNIVERSITARIA SEMINARIO BIBLICO DE COLOMBIA- FUSBC-MEDELLIN,17,1,5.88,162.82,169.62,163.65
2737,2023,FUNDACION UNIVERSITARIA DEL AREA ANDINA,2728,Seccional,Privado,Institución Universitaria/Escuela Tecnológica,,True,True,4811,4726,4768.5,214,224,219.0,4987.5,932,98,1030,FUNDACION UNIVERSITARIA DEL AREA ANDINA-PEREIRA,714,16,2.24,139.41,140.19,140.01
2738,2023,FUNDACION UNIVERSITARIA EMPRESARIAL DE LA CAMARA DE COMERCIO DE BOGOTA- UNIEMPRESARIAL,2738,Principal,Privado,Institución Universitaria/Escuela Tecnológica,,True,True,797,885,841.0,0,0,0.0,841.0,119,6,125,FUNDACION UNIVERSITARIA EMPRESARIAL DE LA CAMARA DE COMERCIO DE Bogotá -BOGOTÁ D.C.,133,3,2.26,150.19,150.87,150.86
2739,2023,FUNDACION DE ESTUDIOS SUPERIORES UNIVERSITARIOS DE URABA ANTONIO ROLDAN BETANCUR,2739,Principal,Privado,Institución Universitaria/Escuela Tecnológica,,True,True,377,357,367.0,0,0,0.0,367.0,68,0,68,FUNDACION DE ESTUDIOS SUPERIORES UNIVERSITARIOS DE URABA ANTONIO ROLDAN BETANCUR-APARTADO,21,2,9.52,128.57,131.58,130.95
2740,2023,INSTITUCION UNIVERSITARIA COLOMBO AMERICANA - UNICA,2740,Principal,Privado,Institución Universitaria/Escuela Tecnológica,,True,True,119,124,121.5,24,28,26.0,147.5,40,30,70,INSTITUCION UNIVERSITARIA COLOMBO AMERICANA - UNICA-BOGOTÁ D.C.,10,1,10.0,156.4,159.33,159.65
2741,2023,FUNDACION DE ESTUDIOS SUPERIORES - MONSEÑOR ABRAHAM ESCUDERO MONTOYA  - FUNDES,2741,Principal,Privado,Institución Universitaria/Escuela Tecnológica,,True,True,650,610,630.0,7,5,6.0,636.0,114,10,124,FUNDACION DE ESTUDIOS SUPERIORES MONSEÑOR ABRAHAM ESCUDERO MONTOYA- FUNDES-ESPINAL,112,9,8.04,128.79,131.14,130.84
2743,2023,UNIVERSIDAD INTERNACIONAL DEL TRÓPICO AMERICANO - UNITRÓPICO,2743,Principal,Oficial,Universidad,225733,True,True,2547,2674,2610.5,24,24,24.0,2634.5,533,41,574,UNIVERSIDAD INTERNACIONAL DEL TRÓPICO AMERICANO,226,10,4.42,135.6,137.39,136.67
2744,2023,UNIVERSIDAD CESMAG - UNICESMAG,2744,Principal,Privado,Universidad,,True,True,5865,5697,5781.0,354,468,411.0,6192.0,1152,300,1452,INSTITUCION UNIVERSITARIA CENTRO DE ESTUDIOS SUPERIORES MARIA GORETTI-PASTO,878,61,6.95,134.62,137.35,136.32
2745,2023,FUNDACIÓN UNIVERSITARIA COMPENSAR,2745,Principal,Privado,Institución Universitaria/Escuela Tecnológica,,True,True,8189,8153,8171.0,279,366,322.5,8493.5,2222,224,2446,FUNDACION UNIVERSITARIA COMPENSAR,1146,19,1.66,140.49,141.07,140.92
2746,2023,FUNDACION UNIVERSITARIA SANITAS,2746,Principal,Privado,Institución Universitaria/Escuela Tecnológica,,True,True,1304,1282,1293.0,428,473,450.5,1743.5,215,166,381,FUNDACION UNIVERSITARIA SANITAS-BOGOTÁ D.C.,209,4,1.91,158.11,159.1,158.62
2747,2023,INSTITUCIÓN UNIVERSITARIA VISIÓN DE LAS AMÉRICAS,2747,Principal,Privado,Institución Universitaria/Escuela Tecnológica,,True,True,3076,2877,2976.5,69,63,66.0,3042.5,615,40,655,INSTITUCIÓN UNIVERSITARIA VISIÓN DE LAS AMÉRICAS-MEDELLIN,471,18,3.82,141.19,142.77,142.16
2748,2023,FUNDACION UNIVERSITARIA SEMINARIO TEOLOGICO BAUTISTA INTERNACIONAL,2748,Principal,Privado,Institución Universitaria/Escuela Tecnológica,,True,True,237,257,247.0,26,18,22.0,269.0,24,8,32,FUNDACION UNIVERSITARIA SEMINARIO TEOLOGICO BAUTISTA INTERNACIONAL- UNIBAUTISTA-CALI,18,0,0.0,154.5,154.5,154.5
2749,2023,INSTITUCION UNIVERSITARIA  SALAZAR Y HERRERA,2749,Principal,Privado,Institución Universitaria/Escuela Tecnológica,,True,True,2434,2197,2315.5,27,18,22.5,2338.0,492,24,516,INSTITUCION UNIVERSITARIA SALAZAR Y HERRERA-MEDELLIN,281,10,3.56,143.59,144.87,144.56
2805,2023,UNIVERSIDAD SIMON BOLIVAR,2805,Principal,Privado,Universidad,,True,True,16445,15984,16214.5,1396,1293,1344.5,17559.0,2850,899,3749,UNIVERSIDAD SIMON BOLIVAR-BARRANQUILLA,2884,222,7.7,137.78,140.67,139.76
2809,2023,CORPORACION UNIVERSITARIA TECNOLOGICA DE BOLIVAR-CARTAGENA,,,,,,False,True,,,,,,,,,,,CORPORACION UNIVERSITARIA TECNOLOGICA DE BOLIVAR-CARTAGENA,1,0,0.0,169.0,169.0,169.0
2810,2023,CORPORACION UNIVERSIDAD DE LA COSTA CUC,2810,Principal,Privado,Universidad,,True,True,12479,11729,12104.0,990,330,660.0,12764.0,1813,865,2678,"CORPORACION UNIVERSIDAD DE LA COSTA, CUC-BARRANQUILLA",1688,43,2.55,144.48,145.5,145.15
2811,2023,UNIVERSIDAD ESCUELA COLOMBIANA DE INGENIERIA JULIO GARAVITO,2811,Principal,Privado,Universidad,,True,True,3728,3622,3675.0,792,821,806.5,4481.5,750,285,1035,ESCUELA COLOMBIANA DE INGENIERIAJULIO GARAVITO-BOGOTÁ D.C.,563,13,2.31,169.22,170.0,170.0
2812,2023,UNIVERSIDAD EAN,2812,Principal,Privado,Universidad,,True,True,8748,8709,8728.5,3008,3081,3044.5,11773.0,1046,1761,2807,UNIVERSIDAD EAN-BOGOTÁ D.C.,1119,17,1.52,157.98,158.58,158.43
2813,2023,UNIVERSIDAD EIA,2813,Principal,Privado,Universidad,,True,True,1969,2008,1988.5,142,129,135.5,2124.0,271,122,393,UNIVERSIDAD EIA-MEDELLIN,257,4,1.56,183.17,184.0,183.68
2815,2023,CORPORACION UNIVERSITARIA ADVENTISTA - UNAC,2815,Principal,Privado,Institución Universitaria/Escuela Tecnológica,,True,True,1311,1256,1283.5,111,113,112.0,1395.5,271,109,380,CORPORACION UNIVERSITARIA ADVENTISTA-MEDELLIN,203,9,4.43,145.27,147.06,146.44
2818,2023,CORPORACION UNIVERSITARIA DE SANTA ROSA DE CABAL-UNISARC-,2818,Principal,Privado,Institución Universitaria/Escuela Tecnológica,,True,True,1130,949,1039.5,21,6,13.5,1053.0,416,22,438,CORPORACION UNIVERSITARIA DE SANTA ROSA DE CABAL-UNISARC-SANTA ROSA DE CABAL,153,6,3.92,135.2,136.39,136.23
2820,2023,CORPORACION UNIVERSITARIA LASALLISTA,2820,Principal,Privado,Institución Universitaria/Escuela Tecnológica,,True,True,1910,1806,1858.0,23,15,19.0,1877.0,225,39,264,CORPORACION UNIVERSITARIA LASALLISTA-CALDAS,223,10,4.48,146.14,147.95,147.34
2822,2023,"ESCUELA SUPERIOR DE OFTALMOLOGIA, INSTITUTO BARRAQUER DE AMERICA",2822,Principal,Privado,Institución Universitaria/Escuela Tecnológica,,True,False,0,0,0.0,3,0,1.5,1.5,0,2,2,,,,,,,
2823,2023,CORPORACION UNIVERSITARIA DEL CARIBE - CECAR,2823,Principal,Privado,Institución Universitaria/Escuela Tecnológica,,True,True,8210,7600,7905.0,55,126,90.5,7995.5,2215,256,2471,CORPORACION UNIVERSITARIA DEL CARIBE - CECAR-SINCELEJO,1444,114,7.89,131.41,134.28,133.34
2824,2023,CORPORACION UNIVERSITARIA DE COLOMBIA IDEAS-BOGOTÁ D.C.,,,,,,False,True,,,,,,,,,,,CORPORACION UNIVERSITARIA DE COLOMBIA IDEAS-BOGOTÁ D.C.,35,2,5.71,126.23,129.0,127.39
2825,2023,CORPORACION UNIVERSITARIA RAFAEL NUÑEZ,2825,Principal,Privado,Institución Universitaria/Escuela Tecnológica,,True,True,4869,4687,4778.0,15,14,14.5,4792.5,1124,6,1130,CORPORACION UNIVERSITARIA RAFAEL NUÑEZ-CARTAGENA,781,90,11.52,131.08,135.05,134.0
2827,2023,CORPORACION UNIVERSITARIA DEL META - UNIMETA,2827,Principal,Privado,Institución Universitaria/Escuela Tecnológica,,True,True,2377,2239,2308.0,90,176,133.0,2441.0,426,142,568,CORPORACION UNIVERSITARIA DEL META-VILLAVICENCIO,311,20,6.43,137.48,140.13,139.06
2828,2023,CORPORACION UNIVERSITARIA DEL HUILA-CORHUILA-,2828,Principal,Privado,Institución Universitaria/Escuela Tecnológica,,True,True,2775,2618,2696.5,110,140,125.0,2821.5,605,45,650,CORPORACION UNIVERSITARIA DEL HUILA-CORHUILA-NEIVA,472,21,4.45,132.5,134.02,133.6
2829,2023,CORPORACION UNIVERSITARIA MINUTO DE DIOS -UNIMINUTO-,2829,Principal,Privado,Institución Universitaria/Escuela Tecnológica,,True,True,82382,77867,80124.5,13697,12791,13244.0,93368.5,17747,8686,26433,CORPORACION UNIVERSITARIA MINUTO DE DIOS -UNIMINUTO-BOGOTÁ D.C.,13493,694,5.14,132.88,134.8,134.13
2830,2023,CORPORACION UNIVERSITARIA IBEROAMERICANA,2830,Principal,Privado,Institución Universitaria/Escuela Tecnológica,,True,True,18107,15933,17020.0,5165,3867,4516.0,21536.0,2030,3010,5040,CORPORACION UNIVERSITARIA IBEROAMERICANA-BOGOTÁ D.C.,2002,94,4.7,133.45,135.31,134.59
2831,2023,CORPORACION UNIVERSITARIA DE CIENCIA Y DESARROLLO - UNICIENCIA,2831,Principal,Privado,Institución Universitaria/Escuela Tecnológica,,True,True,2381,2183,2282.0,46,63,54.5,2336.5,447,146,593,CORPORACION UNIVERSITARIA DE CIENCIA Y DESARROLLO - UNICIENCIA-BOGOTÁ D.C.,391,17,4.35,137.83,139.51,138.93
2832,2023,UNIVERSIDAD DE SANTANDER - UDES,2832,Principal,Privado,Universidad,,True,True,9753,9728,9740.5,4962,4510,4736.0,14476.5,1572,3445,5017,UNIVERSIDAD DE SANTANDER - UDES-BUCARAMANGA,1321,95,7.19,141.25,143.5,143.27
2833,2023,CORPORACION UNIVERSITARIA REMINGTON,2833,Principal,Privado,Institución Universitaria/Escuela Tecnológica,,True,True,17725,16606,17165.5,1087,820,953.5,18119.0,3310,760,4070,CORPORACION UNIVERSITARIA REMINGTON-MEDELLIN,2797,165,5.9,133.0,135.02,134.48
2834,2023,UNIVERSITARIA AGUSTINIANA- UNIAGUSTINIANA,2834,Principal,Privado,Institución Universitaria/Escuela Tecnológica,,True,True,5723,5312,5517.5,688,707,697.5,6215.0,999,622,1621,UNIVERSITARIA AGUSTINIANA- UNIAGUSTINIANA-BOGOTÁ D.C.,699,19,2.72,143.74,144.75,144.47
2836,2023,CORPORACION UNIVERSITARIA EMPRESARIAL DE SALAMANCA,2836,Principal,Privado,Institución Universitaria/Escuela Tecnológica,,True,True,354,343,348.5,0,0,0.0,348.5,121,0,121,CORPORACION UNIVERSITARIA EMPRESARIAL DE SALAMANCA-BARRANQUILLA,72,2,2.78,133.97,135.11,134.61
2837,2023,CORPORACION UNIVERSITARIA REPUBLICANA,2837,Principal,Privado,Institución Universitaria/Escuela Tecnológica,,True,True,3761,3438,3599.5,1482,1327,1404.5,5004.0,621,1123,1744,CORPORACION UNIVERSITARIA REPUBLICANA-BOGOTÁ D.C.,709,27,3.81,139.37,140.92,140.32
2838,2023,CORPORACION COLEGIATURA COLOMBIANA,2838,Principal,Privado,Institución Universitaria/Escuela Tecnológica,,True,True,716,693,704.5,52,62,57.0,761.5,133,42,175,CORPORACION COLEGIATURA COLOMBIANA-MEDELLIN,103,4,3.88,148.5,149.7,149.66
2840,2023,CORPORACION UNIVERSITARIA EMPRESARIAL ALEXANDER VON HUMBOLDT - CUE,2840,Principal,Privado,Institución Universitaria/Escuela Tecnológica,,True,True,1581,1609,1595.0,0,0,0.0,1595.0,180,0,180,CORPORACION UNIVERSITARIA EMPRESARIAL ALEXANDER VON HUMBOLDT - C.U.E.-ARMENIA,237,10,4.22,154.17,155.99,155.36
2841,2023,CORPORACION UNIVERSITARIA MINUTO DE DIOS -UNIMINUTO-,2829,Seccional,Privado,Institución Universitaria/Escuela Tecnológica,,True,True,2518,2544,2531.0,350,411,380.5,2911.5,339,204,543,CORPORACION UNIVERSITARIA MINUTO DE DIOS -UNIMINUTO-BELLO,251,8,3.19,138.39,139.56,139.21
2842,2023,CORPORACION UNIVERSITARIA REFORMADA - CUR -,2842,Principal,Privado,Institución Universitaria/Escuela Tecnológica,,True,True,3027,2945,2986.0,4,11,7.5,2993.5,303,11,314,CORPORACION UNIVERSITARIA REFORMADA - CUR -BARRANQUILLA,514,41,7.98,133.78,136.86,135.74
2847,2023,UNIVERSIDAD DE INVESTIGACION Y DESARROLLO - UDI,2847,Principal,Privado,Universidad,,True,True,6427,6058,6242.5,1677,1680,1678.5,7921.0,1008,1346,2354,UNIVERSIDAD DE INVESTIGACION Y DESARROLLO - UDI - BUCARAMANGA,356,13,3.65,140.95,142.46,141.88
2848,2023,CORPORACION UNIVERSITARIA  UNITEC,2848,Principal,Privado,Institución Universitaria/Escuela Tecnológica,,True,True,2310,2119,2214.5,637,505,571.0,2785.5,416,772,1188,CORPORACION UNIVERSITARIA  UNITEC-BOGOTÁ D.C.,331,13,3.93,143.52,145.14,144.54
2849,2023,CORPORACION UNIVERSITARIA AUTONOMA DEL CAUCA,2849,Principal,Privado,Institución Universitaria/Escuela Tecnológica,,True,True,1883,1823,1853.0,209,203,206.0,2059.0,537,188,725,CORPORACION UNIVERSITARIA AUTONOMA DEL CAUCA-POPAYAN,448,18,4.02,132.58,133.82,133.61
2850,2023,CORPORACION UNIVERSITARIA ANTONIO JOSE DE SUCRE - CORPOSUCRE,2850,Principal,Privado,Institución Universitaria/Escuela Tecnológica,,True,True,4787,4634,4710.5,286,252,269.0,4979.5,402,205,607,CORPORACION UNIVERSITARIA ANTONIO JOSE DE SUCRE - CORPOSUCRE-SINCELEJO,870,46,5.29,130.49,132.26,131.8
2901,2023,ESCUELA DE INTELIGENCIA Y CONTRAINTELIGENCIA BRIGADIER GENERAL RICARDO CHARRY SOLANO,2901,Principal,Oficial,Institución Universitaria/Escuela Tecnológica,,True,True,70,76,73.0,62,67,64.5,137.5,43,40,83,ESCUELA DE INTELIGENCIA Y CONTRAINTELIGENCIA BRIGADIER GENERAL RICARDO CHARRY SOLANO-BOGOTÁ D.C.,15,1,6.67,134.4,136.21,136.2
2902,2023,ESCUELA DE LOGISTICA,2902,Principal,Oficial,Institución Universitaria/Escuela Tecnológica,,True,True,96,0,48.0,57,0,28.5,76.5,20,20,40,ESCUELA DE LOGISTICA-BOGOTÁ D.C.,21,0,0.0,137.48,137.48,137.48
2904,2023,ESCUELA SUPERIOR DE GUERRA GENERAL RAFAEL REYES PRIETO,2904,Principal,Oficial,Institución Universitaria/Escuela Tecnológica,,True,False,0,0,0.0,539,677,608.0,608.0,0,460,460,,,,,,,
2905,2023,CENTRO DE EDUCACION MILITAR - CEMIL,2905,Principal,Oficial,Institución Universitaria/Escuela Tecnológica,,True,True,33,30,31.5,414,166,290.0,321.5,71,341,412,CENTRO DE EDUCACION MILITAR-BOGOTÁ D.C.,29,3,10.34,152.83,156.42,155.96
2906,2023,ESCUELA DE POSTGRADOS DE LA FAC-EPFAC,2906,Principal,Oficial,Institución Universitaria/Escuela Tecnológica,,True,False,0,0,0.0,59,50,54.5,54.5,0,44,44,,,,,,,
3102,2023,INSTITUTO SUPERIOR DE EDUCACION RURAL-ISER-,3102,Principal,Oficial,Institución Tecnológica,,True,False,1130,1090,1110.0,0,0,0.0,1110.0,374,0,374,,,,,,,
3103,2023,INSTITUCIÓN UNIVERSITARIA MAYOR DE CARTAGENA,3103,Principal,Oficial,Institución Universitaria/Escuela Tecnológica,,True,True,3277,3607,3442.0,0,0,0.0,3442.0,847,0,847,INSTITUCIÓN UNIVERSITARIA MAYOR DE CARTAGENA,169,11,6.51,130.85,132.66,132.57
3104,2023,COLEGIO MAYOR DEL CAUCA,3104,Principal,Oficial,Institución Universitaria/Escuela Tecnológica,,True,True,2500,2560,2530.0,34,51,42.5,2572.5,553,47,600,COLEGIO MAYOR DEL CAUCA-POPAYAN,302,7,2.32,137.5,138.26,138.11
3107,2023,INSTITUCIÓN UNIVERSITARIA PASCUAL BRAVO,3107,Principal,Oficial,Institución Universitaria/Escuela Tecnológica,,True,True,7739,7153,7446.0,62,90,76.0,7522.0,1186,46,1232,INSTITUCION  UNIVERSITARIA PASCUAL BRAVO-MEDELLIN,460,26,5.65,141.91,144.02,143.42
3114,2023,ESCUELA NAVAL DE SUBOFICIALES ARC BARRANQUILLA,3114,Principal,Oficial,Institución Tecnológica,,True,False,529,517,523.0,200,179,189.5,712.5,151,343,494,,,,,,,
3115,2023,INSTITUTO TECNOLOGICO DEL PUTUMAYO,3115,Principal,Oficial,Institución Tecnológica,,True,True,2432,2290,2361.0,0,0,0.0,2361.0,378,0,378,INSTITUTO TECNOLOGICO DEL PUTUMAYO-MOCOA,220,14,6.36,130.35,131.96,132.05
3117,2023,INSTITUCIÓN UNIVERSITARIA DE BARRANQUILLA - IUB,3117,Principal,Oficial,Institución Universitaria/Escuela Tecnológica,,True,True,5781,5224,5502.5,8,7,7.5,5510.0,1821,16,1837,INSTITUCION UNIVERSITARIA ITSA-SOLEDAD,433,17,3.93,139.15,140.62,140.16
3201,2023,UNIDADES TECNOLOGICAS DE SANTANDER,3201,Principal,Oficial,Institución Tecnológica,,True,True,21998,22222,22110.0,0,0,0.0,22110.0,4598,0,4598,UNIDADES TECNOLOGICAS DE SANTANDER-BUCARAMANGA,1501,64,4.26,139.07,140.55,140.2
3204,2023,TECNOLOGICO DE ANTIOQUIA,3204,Principal,Oficial,Institución Universitaria/Escuela Tecnológica,,True,True,12102,11632,11867.0,104,115,109.5,11976.5,2372,41,2413,TECNOLOGICO DE ANTIOQUIA-MEDELLIN,1479,55,3.72,139.46,140.81,140.44
3301,2023,INSTITUCION UNIVERSITARIA ANTONIO JOSE CAMACHO,3301,Principal,Oficial,Institución Universitaria/Escuela Tecnológica,,True,True,12367,12965,12666.0,54,45,49.5,12715.5,1336,41,1377,INSTITUCION UNIVERSITARIA ANTONIO JOSE CAMACHO - UNIAJC-CALI,1576,98,6.22,130.13,132.23,131.65
3302,2023,INSTITUTO TECNOLOGICO METROPOLITANO,3302,Principal,Oficial,Institución Universitaria/Escuela Tecnológica,,True,True,24860,23753,24306.5,762,759,760.5,25067.0,2950,325,3275,INSTITUTO TECNOLOGICO METROPOLITANO-MEDELLIN,1014,25,2.47,146.25,146.98,146.97
3303,2023,TECNOLÓGICO DE ARTES DÉBORA ARANGO INSTITUCIÓN REDEFINIDA,3303,Principal,Oficial,Institución Tecnológica,,True,False,1135,1121,1128.0,0,0,0.0,1128.0,240,0,240,,,,,,,
3702,2023,FUNDACION TECNOLOGICA AUTONOMA DE BOGOTA-FABA-,3702,Principal,Privado,Institución Tecnológica,,True,False,303,333,318.0,0,0,0.0,318.0,46,0,46,,,,,,,
3703,2023,INSTITUCION UNIVERSITARIA ESCOLME,3703,Principal,Privado,Institución Universitaria/Escuela Tecnológica,,True,True,1086,1091,1088.5,10,3,6.5,1095.0,314,10,324,INSTITUCION UNIVERSITARIA ESCOLME-MEDELLIN,196,7,3.57,133.31,134.72,134.16
3705,2023,FUNDACION UNIVERSITARIA TECNOLOGICO COMFENALCO - CARTAGENA,3705,Principal,Privado,Institución Universitaria/Escuela Tecnológica,,True,True,8840,8783,8811.5,349,197,273.0,9084.5,2122,187,2309,FUNDACION UNIVERSITARIA TECNOLOGICO COMFENALCO - CARTAGENA      -CARTAGENA,1206,65,5.39,133.37,135.41,134.69
3706,2023,"FUNDACION CENTRO COLOMBIANO DE ESTUDIOS PROFESIONALES, -F.C.E.C.E.P.",3706,Principal,Privado,Institución Tecnológica,,True,False,1424,1322,1373.0,0,0,0.0,1373.0,550,0,550,,,,,,,
3710,2023,FUNDACION UNIVERSITARIA ANTONIO DE AREVALO - UNITECNAR,3710,Principal,Privado,Institución Universitaria/Escuela Tecnológica,,True,True,2943,2921,2932.0,0,0,0.0,2932.0,292,0,292,FUNDACION TECNOLOGICA ANTONIO DE AREVALO-CARTAGENA,86,3,3.49,129.95,131.4,130.74
3713,2023,FUNDACION UNIVERSITARIA PARA EL DESARROLLO HUMANO - UNINPAHU,3713,Principal,Privado,Institución Universitaria/Escuela Tecnológica,,True,True,2525,2426,2475.5,95,115,105.0,2580.5,606,85,691,FUNDACION UNIVERSITARIA PARA EL DESARROLLO HUMANO - UNINPAHU-BOGOTÁ D.C.,401,13,3.24,136.11,137.53,136.88
3715,2023,FUNDACION TECNOLOGICA AUTONOMA DEL PACIFICO,3715,Principal,Privado,Institución Tecnológica,,True,False,773,0,386.5,0,0,0.0,386.5,0,0,0,,,,,,,
3716,2023,TECNOLOGICA FITEC,3716,Principal,Privado,Institución Tecnológica,,True,False,753,496,624.5,0,0,0.0,624.5,40,0,40,,,,,,,
3718,2023,FUNDACION DE ESTUDIOS SUPERIORES COMFANORTE -F.E.S.C.-,3718,Principal,Privado,Institución Tecnológica,,True,True,1547,1454,1500.5,71,71,71.0,1571.5,374,65,439,FUNDACION DE ESTUDIOS SUPERIORES COMFANORTE -F.E.S.C.-CUCUTA,143,8,5.59,129.67,131.6,131.02
3719,2023,INSTITUCION UNIVERSITARIA LATINA - UNILATINA,3719,Principal,Privado,Institución Universitaria/Escuela Tecnológica,,True,True,447,369,408.0,0,0,0.0,408.0,131,0,131,INSTITUCION UNIVERSITARIA LATINA - UNILATINA-BOGOTÁ D.C.,94,3,3.19,147.74,148.78,148.67
3720,2023,FUNDACION UNIVERSITARIA ESUMER,3720,Principal,Privado,Institución Universitaria/Escuela Tecnológica,,True,True,1475,1528,1501.5,283,238,260.5,1762.0,713,370,1083,FUNDACION UNIVERSITARIA ESUMER-MEDELLIN,485,16,3.3,138.76,140.03,139.6
3725,2023,FUNDACION DE EDUCACION SUPERIOR ALBERTO MERANI,3725,Principal,Privado,Institución Tecnológica,,True,False,197,199,198.0,0,0,0.0,198.0,53,0,53,,,,,,,
3801,2023,CORPORACION DE ESTUDIOS TECNOLOGICOS DEL NORTE DEL VALLE,3801,Principal,Privado,Institución Tecnológica,,True,True,473,449,461.0,0,0,0.0,461.0,187,0,187,CORPORACION DE ESTUDIOS TECNOLOGICOS DEL NORTE DEL VALLE-CARTAGO,41,1,2.44,132.85,133.78,133.45
3803,2023,CORPORACION UNIVERSITARIA CENTRO SUPERIOR - UNICUCES,3803,Principal,Privado,Institución Universitaria/Escuela Tecnológica,,True,True,565,569,567.0,18,21,19.5,586.5,192,41,233,CORPORACION UNIVERSITARIA CENTRO SUPERIOR - UNICUCES-CALI,124,4,3.23,134.31,135.67,135.06
3806,2023,CORPORACION ESCUELA SUPERIOR DE ADMINISTRACION Y ESTUDIOS TECNOLOGICOS- EAE,3806,Principal,Privado,Institución Tecnológica,,True,False,214,200,207.0,0,0,0.0,207.0,62,0,62,,,,,,,
3807,2023,ESCUELA DE TECNOLOGIAS DE ANTIOQUIA -ETA-,3807,Principal,Privado,Institución Tecnológica,,True,False,79,0,39.5,0,0,0.0,39.5,13,0,13,,,,,,,
3808,2023,CORPORACION TECNOLOGICA DE BOGOTA - CTB,3808,Principal,Privado,Institución Tecnológica,,True,False,261,255,258.0,0,0,0.0,258.0,64,0,64,,,,,,,
3809,2023,INSTITUTO SUPERIOR DE CIENCIAS SOCIALES Y ECONOMICO FAMILIARES-ICSEF-,3809,Principal,Privado,Institución Tecnológica,,True,True,86,83,84.5,0,0,0.0,84.5,32,0,32,INSTITUTO SUPERIOR DE CIENCIAS SOCIALES Y ECONOMICO FAMILIARES-ICSEF-BOGOTÁ D.C.,13,0,0.0,132.31,132.31,132.31
3811,2023,CORPORACION DE EDUCACION DEL NORTE DEL TOLIMA - COREDUCACION,3811,Principal,Privado,Institución Tecnológica,,True,False,206,142,174.0,0,0,0.0,174.0,90,0,90,,,,,,,
3812,2023,INSTITUCION UNIVERSITARIA MARCO FIDEL SUAREZ - IUMAFIS,3812,Principal,Privado,Institución Universitaria/Escuela Tecnológica,,True,True,1089,1004,1046.5,8,5,6.5,1053.0,162,0,162,INSTITUCION UNIVERSITARIA MARCO FIDEL SUAREZ-BELLO,112,7,6.25,129.58,132.7,130.86
3817,2023,CORPORACION UNIVERSITARIA AUTONOMA DE NARIÑO -AUNAR-,3817,Principal,Privado,Institución Universitaria/Escuela Tecnológica,,True,True,3572,3381,3476.5,0,0,0.0,3476.5,1020,0,1020,CORPORACION UNIVERSITARIA AUTONOMA DE NARIÑO -AUNAR-PASTO,737,32,4.34,132.57,133.94,133.68
3819,2023,CORPORACION TECNOLOGICA INDUSTRIAL COLOMBIANA - TEINCO,3819,Principal,Privado,Institución Tecnológica,,True,True,969,978,973.5,0,0,0.0,973.5,413,0,413,CORPORACION TECNOLOGICA INDUSTRIAL COLOMBIANA - TEINCO-BOGOTÁ D.C.,130,8,6.15,137.32,139.83,138.84
3820,2023,CORPORACION ACADEMIA TECNOLOGICA DE COLOMBIA -ATEC-,3820,Principal,Privado,Institución Tecnológica,,True,False,180,168,174.0,0,0,0.0,174.0,40,0,40,,,,,,,
3821,2023,CORPORACION POLITECNICO DE LA COSTA ATLANTICA,3821,Principal,Privado,Institución Tecnológica,,True,True,2653,2569,2611.0,0,0,0.0,2611.0,944,0,944,CORPORACION POLITECNICO DE LA COSTA ATLANTICA-BARRANQUILLA,627,40,6.38,131.63,134.2,133.12
3822,2023,POLITECNICO ICAFT,3822,Principal,Privado,Institución Tecnológica,,True,False,0,0,0.0,0,0,0.0,0.0,3,0,3,,,,,,,
3824,2023,CENTRO DE CONOCIMIENTO ALEJANDRÍA - ALEJANDRÍA,3824,Principal,Privado,Institución Tecnológica,,True,False,0,0,0.0,0,0,0.0,0.0,2,0,2,,,,,,,
3826,2023,CORPORACION INTERNACIONAL PARA EL DESARROLLO EDUCATIVO -CIDE-,3826,Principal,Privado,Institución Tecnológica,,True,True,1146,1144,1145.0,0,0,0.0,1145.0,216,0,216,CORPORACION INTERNACIONAL PARA EL DESARROLLO EDUCATIVO -CIDE-BOGOTÁ D.C.,61,2,3.28,135.67,137.32,136.4
3828,2023,CORPORACIÓN TECNOLÓGICA DE EDUCACIÓN SUPERIOR SAPIENZA -CTE-,3828,Principal,Privado,Institución Tecnológica,,True,False,29,29,29.0,0,0,0.0,29.0,0,0,0,,,,,,,
3830,2023,CORPORACION UNIVERSAL DE INVESTIGACION Y TECNOLOGIA -CORUNIVERSITEC-,3830,Principal,Privado,Institución Tecnológica,,True,False,875,179,527.0,0,0,0.0,527.0,438,0,438,,,,,,,
3831,2023,CORPORACION UNIVERSITARIA COMFACAUCA - UNICOMFACAUCA,3831,Principal,Privado,Institución Universitaria/Escuela Tecnológica,,True,True,3079,3112,3095.5,65,84,74.5,3170.0,366,54,420,CORPORACION UNIVERSITARIA COMFACAUCA - UNICOMFACAUCA-POPAYAN,264,10,3.79,135.87,137.2,136.83
3834,2023,CORPORACION TECNOLOGICA CATOLICA DE OCCIDENTE - TECOC -,3834,Principal,Privado,Institución Tecnológica,,True,False,44,30,37.0,0,0,0.0,37.0,11,0,11,,,,,,,
3901,2023,ESCUELA DE FORMACION DE INFANTERIA DE MARINA,3901,Principal,Oficial,Institución Tecnológica,,True,False,312,287,299.5,0,64,32.0,331.5,143,62,205,,,,,,,
3902,2023,ESCUELA  MILITAR DE SUBOFICIALES SARGENTO INOCENCIO CHINCA,3902,Principal,Oficial,Institución Tecnológica,,True,False,4216,3673,3944.5,0,0,0.0,3944.5,2852,0,2852,,,,,,,
4101,2023,INSTITUTO DE EDUCACION TECNICA PROFESIONAL DE ROLDANILLO,4101,Principal,Oficial,Institución Técnica Profesional,,True,True,4012,3999,4005.5,0,0,0.0,4005.5,1434,0,1434,INSTITUTO DE EDUCACION TECNICA PROFESIONAL DE ROLDANILLO-ROLDANILLO,435,29,6.67,127.28,129.08,128.98
4102,2023,INSTITUTO NACIONAL DE FORMACION TECNICA PROFESIONAL DE SAN JUAN DEL CESAR,4102,Principal,Oficial,Institución Técnica Profesional,,True,False,752,774,763.0,19,30,24.5,787.5,93,17,110,,,,,,,
4106,2023,INSTITUTO NACIONAL DE FORMACION TECNICA PROFESIONAL DE SAN ANDRES Y PROVIDENCIA - INFOTEP,4106,Principal,Oficial,Institución Tecnológica,,True,False,230,263,246.5,0,0,0.0,246.5,136,0,136,,,,,,,
4107,2023,INSTITUTO TECNICO AGRICOLA ITA,4107,Principal,Oficial,Institución Técnica Profesional,,True,True,1073,1172,1122.5,0,0,0.0,1122.5,156,0,156,INSTITUTO TECNICO AGRICOLA-ITA-BUGA,16,1,6.25,122.38,124.0,123.88
4108,2023,ESCUELA TECNOLOGICA INSTITUTO TECNICO CENTRAL,4108,Principal,Oficial,Institución Universitaria/Escuela Tecnológica,,True,True,3468,3370,3419.0,43,34,38.5,3457.5,889,32,921,ESCUELA TECNOLOGICA INSTITUTO TECNICO CENTRAL -BOGOTÁ D.C.,243,7,2.88,145.74,146.79,146.53
4109,2023,INSTITUTO TECNICO NACIONAL DE COMERCIO SIMON RODRIGUEZ - INTENALCO,4109,Principal,Oficial,Institución Técnica Profesional,,True,False,1824,1802,1813.0,0,0,0.0,1813.0,485,0,485,,,,,,,
4110,2023,INSTITUTO TOLIMENSE DE FORMACION TECNICA PROFESIONAL,4110,Principal,Oficial,Institución Técnica Profesional,,True,True,4519,4464,4491.5,0,0,0.0,4491.5,1884,0,1884,INSTITUTO TOLIMENSE DE FORMACION TECNICA PROFESIONAL -ESPINAL,513,57,11.11,124.79,128.27,127.47
4111,2023,INSTITUTO NACIONAL DE FORMACION TECNICA PROFESIONAL - HUMBERTO VELASQUEZ GARCIA,4111,Principal,Oficial,Institución Técnica Profesional,,True,False,2808,2866,2837.0,0,0,0.0,2837.0,1071,0,1071,,,,,,,
4112,2023,COLEGIO INTEGRADO NACIONAL ORIENTE DE CALDAS - IES CINOC,4112,Principal,Oficial,Institución Técnica Profesional,,True,False,537,697,617.0,0,0,0.0,617.0,344,0,344,,,,,,,
4701,2023,FUNDACION ACADEMIA DE DIBUJO PROFESIONAL,4701,Principal,Privado,Institución Técnica Profesional,,True,False,1540,1530,1535.0,0,0,0.0,1535.0,352,0,352,,,,,,,
4702,2023,FUNDACION DE EDUCACION SUPERIOR SAN JOSE -FESSANJOSE-,4702,Principal,Privado,Institución Tecnológica,,True,True,4183,9341,6762.0,0,0,0.0,6762.0,5700,0,5700,FUNDACION DE EDUCACION SUPERIOR SAN JOSE -FESSANJOSE-BOGOTÁ D.C.,7918,385,4.86,131.36,133.15,132.54
4709,2023,INSTITUCION UNIVERSITARIA EAM,4709,Principal,Privado,Institución Universitaria/Escuela Tecnológica,,True,True,1044,974,1009.0,34,35,34.5,1043.5,311,26,337,INSTITUCION UNIVERSITARIA EAM QUINDIO-ARMENIA,116,5,4.31,138.46,140.24,139.51
4710,2023,FUNDACIÓN POLITÉCNICO MINUTO DE DIOS - TEC MD,4710,Principal,Privado,Institución Técnica Profesional,,True,False,1088,1910,1499.0,0,0,0.0,1499.0,50,0,50,,,,,,,
4714,2023,FUNDACION INTERAMERICANA TECNICA-FIT-,4714,Principal,Privado,Institución Técnica Profesional,,True,False,180,200,190.0,0,0,0.0,190.0,11,0,11,,,,,,,
4719,2023,FUNDACION DE EDUCACION SUPERIOR NUEVA AMERICA,4719,Principal,Privado,Institución Técnica Profesional,,True,False,471,389,430.0,0,0,0.0,430.0,69,0,69,,,,,,,
4721,2023,FUNDACION UNIVERSITARIA HORIZONTE,4721,Principal,Privado,Institución Universitaria/Escuela Tecnológica,,True,True,613,421,517.0,22,19,20.5,537.5,258,1,259,FUNDACION UNIVERSITARIA HORIZONTE-BOGOTÁ D.C.,295,12,4.07,131.43,133.09,132.37
4726,2023,FUNDACION UNIVERSITARIA SAN MATEO - SAN MATEO EDUCACION SUPERIOR,4726,Principal,Privado,Institución Universitaria/Escuela Tecnológica,,True,True,5371,5408,5389.5,44,44,44.0,5433.5,1556,48,1604,FUNDACION PARA LA EDUCACION SUPERIOR SAN MATEO FUNDACION SAN MATEO-BOGOTÁ D.C.,748,33,4.41,134.58,136.03,135.72
4727,2023,POLITECNICO INTERNACIONAL INSTITUCION DE EDUCACION SUPERIOR,4727,Principal,Privado,Institución Tecnológica,,True,False,5954,5544,5749.0,0,0,0.0,5749.0,761,0,761,,,,,,,
4801,2023,CORPORACION ACADEMIA SUPERIOR DE ARTES,4801,Principal,Privado,Institución Tecnológica,,True,False,230,201,215.5,0,0,0.0,215.5,48,0,48,,,,,,,
4803,2023,CORPORACION POLITECNICO COLOMBO ANDINO,4803,Principal,Privado,Institución Técnica Profesional,,True,False,60,65,62.5,0,0,0.0,62.5,10,0,10,,,,,,,
4806,2023,CORPORACION CENTRO DE ESTUDIOS ARTISTICOS Y TECNICOS-CEART-,4806,Principal,Privado,Institución Técnica Profesional,,True,False,72,61,66.5,0,0,0.0,66.5,0,0,0,,,,,,,
4808,2023,CORPORACION REGIONAL DE EDUCACION SUPERIOR-CRES-DE CALI,4808,Principal,Privado,Institución Técnica Profesional,,True,False,88,117,102.5,0,0,0.0,102.5,5,0,5,,,,,,,
4810,2023,CORPORACION UNIVERSITARIA CENDA,4810,Principal,Privado,Institución Universitaria/Escuela Tecnológica,,True,True,727,688,707.5,109,116,112.5,820.0,89,102,191,CORPORACION UNIVERSITARIA CENDA-BOGOTÁ D.C.,129,3,2.33,140.57,140.88,141.31
4811,2023,CORPORACIÓN UNIFICADA HISPANOAMERICANA DE EDUCACIÓN SUPERIOR,4811,Principal,Privado,Institución Técnica Profesional,,True,False,80,92,86.0,0,0,0.0,86.0,1,0,1,,,,,,,
4812,2023,CORPORACION DE EDUCACION SUPERIOR SURAMERICA,4812,Principal,Privado,Institución Técnica Profesional,,True,False,31,31,31.0,0,0,0.0,31.0,0,0,0,,,,,,,
4813,2023,CORPORACION UNIFICADA NACIONAL DE EDUCACION SUPERIOR-CUN-,4813,Principal,Privado,Institución Técnica Profesional,,True,True,48898,50061,49479.5,1225,1403,1314.0,50793.5,13054,398,13452,CORPORACION UNIFICADA NACIONAL DE EDUCACION SUPERIOR-CUN-BOGOTÁ D.C.,4809,171,3.56,135.42,136.78,136.29
4817,2023,CORPORACION DE EDUCACIÓN SUPERIOR DEL LITORAL,4817,Principal,Privado,Institución Técnica Profesional,,True,False,2250,2405,2327.5,0,0,0.0,2327.5,1441,0,1441,,,,,,,
4818,2023,CORPORACION UNIVERSITARIA LATINOAMERICANA - CUL,4818,Principal,Privado,Institución Universitaria/Escuela Tecnológica,,True,True,4831,4505,4668.0,26,38,32.0,4700.0,867,26,893,CORPORACION UNIVERSITARIA LATINOAMERICANA- CUL-BARRANQUILLA,892,59,6.61,125.63,127.66,127.24
4822,2023,CORPORACION ESCUELA DE ARTES Y LETRAS,4822,Principal,Privado,Institución Universitaria/Escuela Tecnológica,,True,True,1140,1018,1079.0,15,14,14.5,1093.5,222,12,234,CORPORACION ESCUELA DE ARTES Y LETRAS-BOGOTÁ D.C.,125,3,2.4,150.65,151.58,151.32
4825,2023,CORPORACION INSTITUTO DE ADMINISTRACION Y FINANZAS - CIAF,4825,Principal,Privado,Institución Técnica Profesional,,True,True,1168,1397,1282.5,0,0,0.0,1282.5,610,0,610,CORPORACION INSTITUTO DE ADMINISTRACION Y FINANZAS - C.I.A.F.-PEREIRA,139,10,7.19,129.01,131.16,130.83
4826,2023,CORPORACION UNIVERSITARIA REGIONAL DEL CARIBE -IAFIC-,4826,Principal,Privado,Institución Universitaria/Escuela Tecnológica,,True,True,104,103,103.5,0,0,0.0,103.5,161,0,161,CORPORACION UNIVERSITARIA REGIONAL DEL CARIBE- IAFIC-CARTAGENA,172,10,5.81,127.26,129.55,128.56
4829,2023,CORPORACION INTERAMERICANA DE EDUCACION SUPERIOR-CORPOCIDES,4829,Principal,Privado,Institución Técnica Profesional,,True,False,280,164,222.0,0,0,0.0,222.0,125,0,125,,,,,,,
4832,2023,CORPORACION INSTITUTO SUPERIOR DE EDUCACION SOCIAL-ISES-,4832,Principal,Privado,Institución Técnica Profesional,,True,False,282,280,281.0,0,0,0.0,281.0,202,0,202,,,,,,,
4835,2023,CORPORACION UNIVERSITARIA TALLER CINCO CENTRO DE DISEÑO,4835,Principal,Privado,Institución Universitaria/Escuela Tecnológica,,True,True,887,885,886.0,0,0,0.0,886.0,103,0,103,CORPORACION UNIVERSITARIA TALLER CINCO CENTRO DE DISEÑO-BOGOTÁ D.C.,148,3,2.03,149.47,150.57,149.96
4837,2023,"CORPORACION UNIVERSITARIA DE CIENCIAS EMPRESARIALES, EDUCACION Y SALUD -UNICORSALUD-",4837,Principal,Privado,Institución Universitaria/Escuela Tecnológica,,True,True,842,800,821.0,56,37,46.5,867.5,167,52,219,"CORPORACION UNIVERSITARIA DE CIENCIAS EMPRESARIALES, EDUCACION Y SALUD -CORSALUD-BARRANQUILLA",31,2,6.45,120.39,121.55,122.03
5801,2023,CORPORACION ESCUELA TECNOLOGICA DEL ORIENTE,5801,Principal,Privado,Institución Universitaria/Escuela Tecnológica,,True,True,538,487,512.5,158,136,147.0,659.5,39,2,41,CORPORACION ESCUELA TECNOLOGICA DEL ORIENTE-BUCARAMANGA,72,5,6.94,126.76,128.49,128.55
5802,2023,UNIVERSIDAD ECCI,5802,Principal,Privado,Universidad,,True,True,17270,16735,17002.5,840,980,910.0,17912.5,3956,881,4837,UNIVERSIDAD ECCI-BOGOTÁ D.C.,2451,68,2.77,146.53,147.6,147.29
9102,2023,ESCUELA DE SUBOFICIALES DE LA FUERZA AEREA COLOMBIANA ANDRES M. DIAZ,9102,Principal,Oficial,Institución Tecnológica,,True,False,561,536,548.5,139,117,128.0,676.5,214,116,330,,,,,,,
9103,2023,ESCUELA MILITAR DE AVIACION MARCO FIDEL SUAREZ,9103,Principal,Oficial,Institución Universitaria/Escuela Tecnológica,,True,True,570,525,547.5,0,0,0.0,547.5,92,0,92,ESCUELA MILITAR DE AVIACIONMARCO FIDEL SUAREZ-CALI,93,3,3.23,145.89,146.74,146.85
9104,2023,ESCUELA MILITAR DE CADETES GENERAL JOSE MARIA CORDOVA,9104,Principal,Oficial,Institución Universitaria/Escuela Tecnológica,,True,True,3414,3180,3297.0,77,87,82.0,3379.0,966,15,981,ESCUELA MILITAR DE CADETES GENERAL JOSE MARIA CORDOVA-BOGOTÁ D.C.,281,33,11.74,141.18,145.83,144.3
9105,2023,ESCUELA NAVAL DE CADETES ALMIRANTE PADILLA,9105,Principal,Oficial,Universidad,,True,True,1341,755,1048.0,95,81,88.0,1136.0,324,120,444,ESCUELA NAVAL DE CADETESALMIRANTE PADILLA-CARTAGENA,284,9,3.17,148.61,149.96,149.46
9107,2023,ESCUELA DE INGENIEROS MILITARES,9107,Principal,Oficial,Institución Universitaria/Escuela Tecnológica,,True,True,553,569,561.0,103,96,99.5,660.5,157,68,225,ESCUELA DE INGENIEROS MILITARES-BOGOTÁ D.C.,95,11,11.58,142.96,147.49,146.08
9108,2023,INSTITUTO CARO Y CUERVO,9108,Principal,Oficial,Institución Universitaria/Escuela Tecnológica,,True,False,0,0,0.0,100,118,109.0,109.0,0,29,29,,,,,,,
9110,2023,SERVICIO NACIONAL DE APRENDIZAJE-SENA-,9110,Principal,Oficial,Institución Tecnológica,,True,False,314215,405927,360071.0,423,373,398.0,360469.0,72441,316,72757,,,,,,,
9116,2023,FUNDACION UNIVERSITARIA CLARETIANA - UNICLARETIANA,9116,Principal,Privado,Institución Universitaria/Escuela Tecnológica,,True,True,3073,2883,2978.0,478,376,427.0,3405.0,489,523,1012,FUNDACION UNIVERSITARIA CLARETIANA - UNICLARETIANA-QUIBDO,401,56,13.97,121.03,126.08,124.18
9117,2023,ESCUELA INTERNACIONAL DE ESTUDIOS SUPERIORES - INTER,9117,Principal,Privado,Institución Técnica Profesional,,True,False,7,12,9.5,0,0,0.0,9.5,3,0,3,,,,,,,
9119,2023,CORPORACION UNIVERSITARIA AMERICANA,9119,Principal,Privado,Institución Universitaria/Escuela Tecnológica,,True,True,12611,12777,12694.0,472,770,621.0,13315.0,2816,442,3258,CORPORACION UNIVERSITARIA AMERICANA-BARRANQUILLA,1639,75,4.58,133.27,134.98,134.38
9120,2023,FUNDACION UNIVERSITARIA BELLAS ARTES,9120,Principal,Privado,Institución Universitaria/Escuela Tecnológica,,True,True,630,0,315.0,0,0,0.0,315.0,45,0,45,FUNDACION UNIVERSITARIA BELLAS ARTES-MEDELLIN,105,5,4.76,148.49,150.13,149.85
9121,2023,FUNDACION UNIVERSITARIA COLOMBO INTERNACIONAL - UNICOLOMBO,9121,Principal,Privado,Institución Universitaria/Escuela Tecnológica,,True,True,2581,2545,2563.0,13,13,13.0,2576.0,392,7,399,FUNDACION UNIVERSITARIA COLOMBO INTERNACIONAL - UNICOLOMBO-CARTAGENA,262,1,0.38,145.29,145.35,145.42
9122,2023,UNIVERSIDAD MANUELA BELTRAN-UMB-,1735,Seccional,Privado,Universidad,,True,True,582,523,552.5,26,21,23.5,576.0,150,44,194,UNIVERSIDAD MANUELA BELTRAN-UMB--BUCARAMANGA,111,12,10.81,135.27,139.48,138.01
9124,2023,TECNOLOGICO COREDI,9124,Principal,Privado,Institución Tecnológica,,True,False,89,112,100.5,0,0,0.0,100.5,63,0,63,,,,,,,
9125,2023,UNIVERSIDAD DE ANTIOQUIA,1201,Seccional,Oficial,Universidad,225702,True,True,67,68,67.5,0,0,0.0,67.5,1,0,1,UNIVERSIDAD DE ANTIOQUIA-SANTAFÉ DE ANTIOQUIA,1,0,0.0,161.0,161.0,161.0
9126,2023,CORPORACION TECNOLOGICA INDOAMERICA,9126,Principal,Privado,Institución Tecnológica,,True,False,378,361,369.5,0,0,0.0,369.5,75,0,75,,,,,,,
9127,2023,CORPORACION UNIVERSITARIA DE SABANETA - UNISABANETA,9127,Principal,Privado,Institución Universitaria/Escuela Tecnológica,,True,True,787,724,755.5,1,14,7.5,763.0,122,79,201,CORPORACION UNIVERSITARIA DE SABANETA- UNISABANETA-SABANETA,109,9,8.26,138.21,141.7,140.27
9128,2023,LCI - FUNDACION TECNOLOGICA,9128,Principal,Privado,Institución Tecnológica,,True,False,793,948,870.5,0,0,0.0,870.5,134,0,134,,,,,,,
9129,2023,FUNDACION UNIVERSITARIA CAFAM -UNICAFAM,9129,Principal,Privado,Institución Universitaria/Escuela Tecnológica,,True,True,1594,1678,1636.0,9,7,8.0,1644.0,331,0,331,FUNDACION UNIVERSITARIA CAFAM-BOGOTÁ D.C.,226,3,1.33,145.69,146.28,146.02
9131,2023,FUNDACIÓN UNIVERSITARIA CERVANTES SAN AGUSTÍN - UNICERVANTES,9131,Principal,Privado,Institución Universitaria/Escuela Tecnológica,,True,True,1513,1454,1483.5,42,55,48.5,1532.0,68,22,90,FUNDACION UNIVERSITARIA CERVANTINA SAN AGUSTIN - UNICERVANTINA SAN AGUSTIN-BOGOTÁ D.C.,232,11,4.74,143.28,145.38,144.48
9132,2023,FUNDACION UNIVERSITARIA CIEO - UNICIEO,9132,Principal,Privado,Institución Universitaria/Escuela Tecnológica,,True,False,0,0,0.0,149,146,147.5,147.5,0,55,55,,,,,,,
9899,2023,INSTITUCION UNIVERSITARIA DE COLOMBIA - UNIVERSITARIA DE COLOMBIA,9899,Principal,Privado,Institución Universitaria/Escuela Tecnológica,,True,True,676,425,550.5,0,0,0.0,550.5,340,0,340,INSTITUCION UNIVERSITARIA DE COLOMBIA - UNIVERSITARIA DE COLOMBIA-BOGOTÁ D.C.,869,33,3.8,137.4,138.79,138.37
9900,2023,CORPORACION UNIVERSITARIA U DE COLOMBIA,9900,Principal,Privado,Institución Universitaria/Escuela Tecnológica,,True,True,684,703,693.5,212,192,202.0,895.5,164,112,276,CORPORACION UNIVERSITARIA U DE COLOMBIA-MEDELLIN,111,2,1.8,134.81,135.5,135.24
9902,2023,FUNDACION UNIVERSITARIA COMFENALCO SANTANDER,9902,Principal,Privado,Institución Universitaria/Escuela Tecnológica,,True,True,175,187,181.0,0,0,0.0,181.0,0,0,0,FUNDACION UNIVERSITARIA COMFENALCO SANTANDER-BUCARAMANGA,34,0,0.0,132.71,132.71,132.71
9903,2023,CORPORACIÓN COLSUBSIDIO EDUCACIÓN TECNOLÓGICA - CET,9903,Principal,Privado,Institución Tecnológica,,True,False,524,534,529.0,0,0,0.0,529.0,64,0,64,,,,,,,
9904,2023,FUNDACION UNIVERSITARIA COLOMBO GERMANA,9904,Principal,Privado,Institución Universitaria/Escuela Tecnológica,,True,True,1492,1508,1500.0,98,103,100.5,1600.5,408,53,461,FUNDACION TECNOLOGICA COLOMBO- GERMANA-BOGOTÁ D.C.,118,5,4.24,132.01,133.65,133.01
9905,2023,FUNDACION ESCUELA TECNOLOGICA DE NEIVA - JESUS OVIEDO PEREZ -FET,9905,Principal,Privado,Institución Universitaria/Escuela Tecnológica,,True,True,766,786,776.0,0,0,0.0,776.0,133,0,133,FUNDACION ESCUELA TECNOLOGICA DE NEIVA - JESUS OVIEDO PEREZ-NEIVA,65,5,7.69,122.55,125.25,124.3
9906,2023,CORPORACIÓN UNIVERSITARIA PARA EL DESARROLLO EMPRESARIAL Y SOCIAL - MISIÓN PAZ.,9906,Principal,Privado,Institución Universitaria/Escuela Tecnológica,,True,True,133,89,111.0,0,0,0.0,111.0,49,0,49,CORPORACION UNIVERSITARIA PARA EL DESARROLLO EMPRESARIAL Y SOCIAL- CUDES-CALI,28,2,7.14,140.54,143.77,142.27
9907,2023,FUNDACION UNIVERSITARIA NAVARRA - UNINAVARRA,9907,Principal,Privado,Institución Universitaria/Escuela Tecnológica,,True,True,1974,1937,1955.5,21,15,18.0,1973.5,309,36,345,FUNDACION UNIVERSITARIA NAVARRA - UNINAVARRA-NEIVA,360,19,5.28,135.34,136.79,136.78
9910,2023,FUNDACION UNIVERSITARIA LUIS G. PAEZ - UNIPAEZ,9910,Principal,Privado,Institución Universitaria/Escuela Tecnológica,,True,False,0,0,0.0,52,50,51.0,51.0,0,32,32,,,,,,,
9913,2023,CORPORACION UNIVERSITARIA DE ASTURIAS,9913,Principal,Privado,Institución Universitaria/Escuela Tecnológica,,True,True,5032,4583,4807.5,3275,3009,3142.0,7949.5,501,918,1419,CORPORACION UNIVERSITARIA DE ASTURIAS-BOGOTÁ D.C.,475,32,6.74,134.99,137.38,136.72
9914,2023,"ESEIT - ESCUELA SUPERIOR DE EMPRESA, INGENIERÍA Y TECNOLOGÍA",9914,Principal,Privado,Institución Universitaria/Escuela Tecnológica,,True,True,646,719,682.5,213,255,234.0,916.5,48,113,161,"ELITE- ESCUELA LATINOAMERICANA DE INGENIEROS, TECNOLOGOS Y EMPRESARIOS-BOGOTÁ D.C.",36,2,5.56,142.31,143.65,143.94
9915,2023,UNIVERSITARIA VIRTUAL INTERNACIONAL,9915,Principal,Privado,Institución Universitaria/Escuela Tecnológica,,True,True,1236,1228,1232.0,0,0,0.0,1232.0,187,0,187,UNIVERSITARIA VIRTUAL INTERNACIONAL-BOGOTÁ D.C.,306,17,5.56,134.27,136.5,135.61
9921,2023,FUNDACION UNIVERSITARIA CATOLICA DEL SUR - UNICATOLICA DEL SUR,9921,Principal,Privado,Institución Universitaria/Escuela Tecnológica,,True,True,242,276,259.0,0,0,0.0,259.0,31,0,31,FUNDACION UNIVERSITARIA CATOLICA DEL SUR - UNICATOLICA DEL SUR-PASTO,12,0,0.0,132.17,132.17,132.17
9922,2023,FUNDACION UNIVERSITARIA COMFAMILIAR RISARALDA,9922,Principal,Privado,Institución Universitaria/Escuela Tecnológica,,True,True,1244,1185,1214.5,76,80,78.0,1292.5,370,5,375,INSTITUCIÓN UNIVERSITARIA COMFAMILIAR RISARALDA,155,9,5.81,138.02,139.82,139.61
9923,2023,CORPORACION UNIVERSITARIA DE CATALUÑA,9923,Principal,Privado,Institución Universitaria/Escuela Tecnológica,,True,False,230,218,224.0,0,0,0.0,224.0,0,0,0,,,,,,,
9924,2023,FUNDACION UNIVERSITARIA INTERNACIONAL DE COLOMBIA - UNINCOL,9924,Principal,Privado,Institución Universitaria/Escuela Tecnológica,,True,False,125,110,117.5,0,0,0.0,117.5,0,0,0,,,,,,,
9926,2023,FUNDACION UNIVERSITARIA INTERNACIONAL DE LA RIOJA - UNIR,9926,Principal,Privado,Institución Universitaria/Escuela Tecnológica,,True,True,3541,3421,3481.0,3589,3583,3586.0,7067.0,142,1399,1541,FUNDACION UNIVERSITARIA INTERNACIONAL DE LA RIOJA - UNIR,104,1,0.96,140.69,140.96,140.96
9927,2023,INSTITUCION UNIVERSITARIA DIGITAL DE ANTIOQUIA -IU. DIGITAL,9927,Principal,Oficial,Institución Universitaria/Escuela Tecnológica,,True,True,5948,7286,6617.0,206,225,215.5,6832.5,256,118,374,INSTITUCION UNIVERSITARIA DIGITAL DE ANTIOQUIA -IU. DIGITAL,317,14,4.42,142.9,144.61,144.06
9928,2023,FUNDACIÓN UNIVERSITARIA SALESIANA,9928,Principal,Privado,Institución Universitaria/Escuela Tecnológica,,True,False,227,227,227.0,0,0,0.0,227.0,0,0,0,,,,,,,
9929,2023,UNIVERSIDAD AUTÓNOMA INDÍGENA INTERCULTURAL - UAIIN,9929,Principal,Oficial,Universidad,225734,True,False,888,732,810.0,0,0,0.0,810.0,52,0,52,,,,,,,
9930,2023,INSTITUCIÓN UNIVERSITARIA COMANDO DE EDUCACIÓN Y DOCTRINA - CEDOC DEL EJÉRCITO NACIONAL,9930,Principal,Oficial,Institución Universitaria/Escuela Tecnológica,,True,True,122,119,120.5,45,36,40.5,161.0,23,38,61,INSTITUCION UNIVERSITARIA COMANDO DE EDUCACION Y DOCTRINA - CEDOC,9,0,0.0,145.89,145.89,145.89
9931,2023,FUNDACION UNIVERSITARIA PATRICIO SYMES,,,,,,False,True,,,,,,,,,,,FUNDACION UNIVERSITARIA PATRICIO SYMES,53,1,1.89,141.53,142.25,142.03
9932,2023,FUNDACIÓN UNIVERSITARIA SAN PABLO - UNISANPABLO,9932,Principal,Privado,Institución Universitaria/Escuela Tecnológica,,True,False,35,42,38.5,0,0,0.0,38.5,0,0,0,,,,,,,
9933,2023,UNIVERSIDAD NACIONAL DE COLOMBIA,1101,Seccional,Oficial,Universidad,225701,True,False,1215,1256,1235.5,0,0,0.0,1235.5,0,0,0,,,,,,,
9934,2023,CENTRO DE ESTUDIOS AERONÁUTICOS - CEA,9934,Principal,Oficial,Institución Universitaria/Escuela Tecnológica,,True,False,96,80,88.0,0,0,0.0,88.0,0,0,0,,,,,,,
9935,2023,UNIDAD TECNOLÓGICA DEL MAGDALENA MEDIO - UTEM -,9935,Principal,Privado,Institución Tecnológica,,True,False,111,92,101.5,0,0,0.0,101.5,19,0,19,,,,,,,
9936,2023,CORPORACIÓN UNIVERSITARIA AUTÓNOMA DEL NORTE,9936,Principal,Privado,Institución Universitaria/Escuela Tecnológica,,True,False,178,220,199.0,7,7,7.0,206.0,0,5,5,,,,,,,
1101,2024,UNIVERSIDAD NACIONAL DE COLOMBIA,1101,Principal,Oficial,Universidad,225701,True,True,28910,28824,28867.0,5088,4646,4867.0,33734.0,3789,2218,6007,UNIVERSIDAD NACIONAL DE COLOMBIA-BOGOTÁ D.C.,3738,63,1.69,184.69,185.36,185.31
1102,2024,UNIVERSIDAD NACIONAL DE COLOMBIA,1101,Seccional,Oficial,Universidad,225701,True,True,11575,11492,11533.5,1144,1075,1109.5,12643.0,1264,643,1907,UNIVERSIDAD NACIONAL DE COLOMBIA-MEDELLIN,1231,21,1.71,177.89,178.68,178.45
1103,2024,UNIVERSIDAD NACIONAL DE COLOMBIA,1101,Seccional,Oficial,Universidad,225701,True,True,4911,4997,4954.0,586,551,568.5,5522.5,644,422,1066,UNIVERSIDAD NACIONAL DE COLOMBIA-MANIZALES,616,10,1.62,166.28,167.0,166.78
1104,2024,UNIVERSIDAD NACIONAL DE COLOMBIA,1101,Seccional,Oficial,Universidad,225701,True,True,2692,2615,2653.5,236,195,215.5,2869.0,360,87,447,UNIVERSIDAD NACIONAL DE COLOMBIA-PALMIRA,310,16,5.16,154.22,156.05,155.78
1105,2024,UNIVERSIDAD PEDAGOGICA NACIONAL,1105,Principal,Oficial,Universidad,225715,True,True,8488,8736,8612.0,826,888,857.0,9469.0,1338,264,1602,UNIVERSIDAD PEDAGOGICA NACIONAL-BOGOTÁ D.C.,1689,57,3.37,154.96,156.27,155.95
1106,2024,UNIVERSIDAD PEDAGOGICA Y TECNOLOGICA DE COLOMBIA - UPTC,1106,Principal,Oficial,Universidad,225705,True,True,22304,23412,22858.0,1547,3004,2275.5,25133.5,3676,1808,5484,UNIVERSIDAD PEDAGOGICA Y TECNOLOGICA DE COLOMBIA-TUNJA,2541,110,4.33,158.59,160.55,159.84
1107,2024,UNIVERSIDAD PEDAGOGICA Y TECNOLOGICA DE COLOMBIA - UPTC,1106,Seccional,Oficial,Universidad,225705,True,True,2738,2875,2806.5,126,394,260.0,3066.5,306,286,592,UNIVERSIDAD PEDAGOGICA Y TECNOLOGICA DE COLOMBIA-DUITAMA,395,16,4.05,155.68,157.32,156.86
1108,2024,UNIVERSIDAD PEDAGOGICA Y TECNOLOGICA DE COLOMBIA - UPTC,1106,Seccional,Oficial,Universidad,225705,True,True,3388,3492,3440.0,150,424,287.0,3727.0,472,289,761,UNIVERSIDAD PEDAGOGICA Y TECNOLOGICA DE COLOMBIA-SOGAMOSO,471,29,6.16,161.41,163.54,163.39
1109,2024,UNIVERSIDAD PEDAGOGICA Y TECNOLOGICA DE COLOMBIA - UPTC,1106,Seccional,Oficial,Universidad,225705,True,True,713,743,728.0,4,24,14.0,742.0,131,18,149,UNIVERSIDAD PEDAGOGICA Y TECNOLOGICA DE COLOMBIA-CHIQUINQUIRA,115,8,6.96,143.17,145.4,145.16
1110,2024,UNIVERSIDAD DEL CAUCA,1110,Principal,Oficial,Universidad,225711,True,True,16279,16106,16192.5,1049,1048,1048.5,17241.0,1984,461,2445,UNIVERSIDAD DEL CAUCA-POPAYAN,1885,42,2.23,161.57,162.4,162.27
1111,2024,UNIVERSIDAD TECNOLOGICA DE PEREIRA - UTP,1111,Principal,Oficial,Universidad,225712,True,True,15848,15938,15893.0,1443,1328,1385.5,17278.5,2071,459,2530,UNIVERSIDAD TECNOLOGICA DE PEREIRA - ITP-PEREIRA,1722,68,3.95,155.46,157.11,156.6
1112,2024,UNIVERSIDAD DE CALDAS,1112,Principal,Oficial,Universidad,225716,True,True,14458,14612,14535.0,860,785,822.5,15357.5,2368,327,2695,UNIVERSIDAD DE CALDAS-MANIZALES,1324,43,3.25,157.27,158.64,158.21
1113,2024,UNIVERSIDAD DE CORDOBA,1113,Principal,Oficial,Universidad,225720,True,True,13952,13751,13851.5,371,333,352.0,14203.5,2509,89,2598,UNIVERSIDAD DE CORDOBA-MONTERIA,2721,190,6.98,144.67,147.28,146.59
1114,2024,UNIVERSIDAD SURCOLOMBIANA,1114,Principal,Oficial,Universidad,225714,True,True,14132,13737,13934.5,749,717,733.0,14667.5,2084,473,2557,UNIVERSIDAD SURCOLOMBIANA-NEIVA,1775,85,4.79,150.96,152.76,152.33
1115,2024,UNIVERSIDAD DE LA AMAZONIA,1115,Principal,Oficial,Universidad,225726,True,True,7524,7622,7573.0,299,323,311.0,7884.0,1114,199,1313,UNIVERSIDAD DE LA AMAZONIA-FLORENCIA,1106,134,12.12,139.36,143.96,142.58
1117,2024,UNIVERSIDAD MILITAR-NUEVA GRANADA,1117,Principal,Oficial,Universidad,225717,True,True,17370,17768,17569.0,1702,1844,1773.0,19342.0,2504,1245,3749,UNIVERSIDAD MILITARNUEVA GRANADA-BOGOTÁ D.C.,2677,99,3.7,159.13,160.79,160.2
1118,2024,UNIVERSIDAD TECNOLOGICA DEL CHOCO-DIEGO LUIS CORDOBA,1118,Principal,Oficial,Universidad,225729,True,True,14973,14313,14643.0,65,119,92.0,14735.0,1904,63,1967,UNIVERSIDAD TECNOLOGICA DEL CHOCODIEGO LUIS CORDOBA-QUIBDO,2037,281,13.79,116.69,121.54,119.67
1119,2024,UNIVERSIDAD DE LOS LLANOS,1119,Principal,Oficial,Universidad,225723,True,True,7177,7483,7330.0,422,416,419.0,7749.0,917,227,1144,UNIVERSIDAD DE LOS LLANOS-VILLAVICENCIO,764,35,4.58,153.58,155.53,154.88
1120,2024,UNIVERSIDAD POPULAR DEL CESAR,1120,Principal,Oficial,Universidad,225722,True,True,12405,13219,12812.0,744,711,727.5,13539.5,2178,205,2383,UNIVERSIDAD POPULAR DEL CESAR-VALLEDUPAR,1772,169,9.54,142.66,146.28,145.24
1121,2024,UNIVERSIDAD-COLEGIO MAYOR DE CUNDINAMARCA,1121,Principal,Oficial,Universidad,225727,True,True,6737,7056,6896.5,279,306,292.5,7189.0,1063,206,1269,UNIVERSIDAD-COLEGIO MAYOR DE CUNDINAMARCA-BOGOTÁ D.C.,973,43,4.42,154.88,156.74,156.15
1122,2024,UNIVERSIDAD DEL PACIFICO,1122,Principal,Oficial,Universidad,225732,True,True,3203,3062,3132.5,0,0,0.0,3132.5,426,0,426,UNIVERSIDAD DEL PACIFICO-BUENAVENTURA,229,20,8.73,127.49,130.17,129.66
1123,2024,UNIVERSIDAD POPULAR DEL CESAR,1120,Seccional,Oficial,Universidad,225722,True,True,2502,2573,2537.5,0,24,12.0,2549.5,412,3,415,UNIVERSIDAD POPULAR DEL CESAR-AGUACHICA,304,61,20.07,132.84,140.55,137.96
1125,2024,UNIVERSIDAD NACIONAL DE COLOMBIA,1101,Seccional,Oficial,Universidad,225701,True,False,0,0,0.0,35,36,35.5,35.5,0,9,9,,,,,,,
1126,2024,UNIVERSIDAD NACIONAL DE COLOMBIA,1101,Seccional,Oficial,Universidad,225701,True,False,0,0,0.0,29,22,25.5,25.5,0,10,10,,,,,,,
1201,2024,UNIVERSIDAD DE ANTIOQUIA,1201,Principal,Oficial,Universidad,225702,True,True,35600,36266,35933.0,2693,3148,2920.5,38853.5,3819,1395,5214,UNIVERSIDAD DE ANTIOQUIA-MEDELLIN,3905,106,2.71,167.47,168.61,168.34
1202,2024,UNIVERSIDAD DEL ATLANTICO,1202,Principal,Oficial,Universidad,225718,True,True,20289,20672,20480.5,448,373,410.5,20891.0,3593,289,3882,UNIVERSIDAD DEL ATLANTICO-BARRANQUILLA,3109,139,4.47,154.34,156.11,155.64
1203,2024,UNIVERSIDAD DEL VALLE,1203,Principal,Oficial,Universidad,225703,True,True,32815,32337,32576.0,2228,2222,2225.0,34801.0,4082,973,5055,UNIVERSIDAD DEL VALLE-CALI,3674,244,6.64,157.77,160.6,159.73
1204,2024,UNIVERSIDAD INDUSTRIAL DE SANTANDER,1204,Principal,Oficial,Universidad,225704,True,True,21254,22069,21661.5,1145,1223,1184.0,22845.5,3051,528,3579,UNIVERSIDAD INDUSTRIAL DE SANTANDER-BUCARAMANGA,2594,90,3.47,168.29,169.89,169.36
1205,2024,UNIVERSIDAD DE CARTAGENA,1205,Principal,Oficial,Universidad,225707,True,True,21100,21971,21535.5,4264,3911,4087.5,25623.0,3065,3548,6613,UNIVERSIDAD DE CARTAGENA-CARTAGENA,3438,271,7.88,145.8,149.18,147.9
1206,2024,UNIVERSIDAD DE NARIÑO,1206,Principal,Oficial,Universidad,225708,True,True,13540,13743,13641.5,1826,2004,1915.0,15556.5,2092,656,2748,UNIVERSIDAD DE NARIÑO-PASTO,1736,98,5.65,150.43,152.55,152.05
1207,2024,UNIVERSIDAD DEL TOLIMA,1207,Principal,Oficial,Universidad,225719,True,True,23402,24579,23990.5,919,1007,963.0,24953.5,4348,622,4970,UNIVERSIDAD DEL TOLIMA-IBAGUE,3662,308,8.41,139.32,142.57,141.5
1208,2024,UNIVERSIDAD DEL QUINDIO,1208,Principal,Oficial,Universidad,225721,True,True,16529,16704,16616.5,269,169,219.0,16835.5,1956,76,2032,UNIVERSIDAD DEL QUINDIO-ARMENIA,2059,134,6.51,147.39,149.88,149.21
1209,2024,UNIVERSIDAD FRANCISCO DE PAULA SANTANDER,1209,Principal,Oficial,Universidad,225724,True,True,14475,14339,14407.0,687,673,680.0,15087.0,2048,252,2300,UNIVERSIDAD FRANCISCO DE PAULA SANTANDER-CUCUTA,2269,123,5.42,145.35,147.32,146.86
1210,2024,UNIVERSIDAD FRANCISCO DE PAULA SANTANDER,1209,Seccional,Oficial,Universidad,225725,True,True,5819,5884,5851.5,323,314,318.5,6170.0,842,221,1063,UNIVERSIDAD FRANCISCO DE PAULA SANTANDER-OCAÑA,654,101,15.44,140.16,145.95,144.34
1212,2024,UNIVERSIDAD DE PAMPLONA,1212,Principal,Oficial,Universidad,225713,True,True,22756,23236,22996.0,391,391,391.0,23387.0,2928,196,3124,UNIVERSIDAD DE PAMPLONA-PAMPLONA,3283,274,8.35,141.09,144.19,143.33
1213,2024,UNIVERSIDAD DEL MAGDALENA - UNIMAGDALENA,1213,Principal,Oficial,Universidad,225710,True,True,25179,26494,25836.5,831,870,850.5,26687.0,4276,591,4867,UNIVERSIDAD DEL MAGDALENA - UNIMAGDALENA-SANTA MARTA,2831,193,6.82,145.59,148.57,147.39
1214,2024,UNIVERSIDAD DE CUNDINAMARCA-UDEC,1214,Principal,Oficial,Universidad,225728,True,True,9628,9738,9683.0,222,181,201.5,9884.5,1670,306,1976,UNIVERSIDAD DE CUNDINAMARCA-UDEC-FUSAGASUGA,1381,111,8.04,146.74,149.69,149.02
1215,2024,UNIVERSIDAD DE CUNDINAMARCA-UDEC,1214,Seccional,Oficial,Universidad,225728,True,True,1576,1623,1599.5,0,0,0.0,1599.5,271,0,271,UNIVERSIDAD DE CUNDINAMARCA-UDEC-GIRARDOT,253,12,4.74,142.09,143.97,143.32
1216,2024,UNIVERSIDAD DE CUNDINAMARCA-UDEC,1214,Seccional,Oficial,Universidad,225728,True,True,564,573,568.5,0,0,0.0,568.5,83,0,83,UNIVERSIDAD DE CUNDINAMARCA-UDEC-UBATE,120,18,15.0,137.13,142.22,141.22
1217,2024,UNIVERSIDAD DE SUCRE,1217,Principal,Oficial,Universidad,225730,True,True,6242,6383,6312.5,149,116,132.5,6445.0,969,127,1096,UNIVERSIDAD DE SUCRE-SINCELEJO,901,46,5.11,152.84,154.95,154.29
1218,2024,UNIVERSIDAD DE LA GUAJIRA,1218,Principal,Oficial,Universidad,225731,True,True,15876,16725,16300.5,384,472,428.0,16728.5,2606,257,2863,UNIVERSIDAD DE LA GUAJIRA-RIOHACHA,1913,179,9.36,133.12,136.72,135.42
1219,2024,UNIVERSIDAD DE ANTIOQUIA,1201,Seccional,Oficial,Universidad,225702,True,True,345,324,334.5,0,0,0.0,334.5,52,0,52,UNIVERSIDAD DE ANTIOQUIA-CARMEN DE VIBORAL,82,1,1.22,173.0,173.51,173.4
1220,2024,UNIVERSIDAD DE ANTIOQUIA,1201,Seccional,Oficial,Universidad,225702,True,True,150,160,155.0,0,0,0.0,155.0,28,0,28,UNIVERSIDAD DE ANTIOQUIA-ANDES,63,1,1.59,146.38,147.39,146.71
1221,2024,UNIVERSIDAD DE ANTIOQUIA,1201,Seccional,Oficial,Universidad,225702,True,True,180,144,162.0,12,14,13.0,175.0,37,5,42,UNIVERSIDAD DE ANTIOQUIA-CAUCASIA,35,2,5.71,148.63,151.73,150.01
1222,2024,UNIVERSIDAD DE ANTIOQUIA,1201,Seccional,Oficial,Universidad,225702,True,True,52,37,44.5,0,0,0.0,44.5,15,0,15,UNIVERSIDAD DE ANTIOQUIA-PUERTO BERRIO,20,1,5.0,136.7,138.21,138.02
1223,2024,UNIVERSIDAD DE ANTIOQUIA,1201,Seccional,Oficial,Universidad,225702,True,True,462,460,461.0,0,0,0.0,461.0,76,0,76,UNIVERSIDAD DE ANTIOQUIA-TURBO,46,1,2.17,144.35,145.31,144.9
1301,2024,UNIVERSIDAD DISTRITAL-FRANCISCO JOSE DE CALDAS,1301,Principal,Oficial,Universidad,225706,True,True,22816,23156,22986.0,409,792,600.5,23586.5,2929,250,3179,UNIVERSIDAD DISTRITALFRANCISCO JOSE DE CALDAS-BOGOTÁ D.C.,3103,85,2.74,166.99,168.07,167.87
1701,2024,PONTIFICIA UNIVERSIDAD JAVERIANA,1701,Principal,Privado,Universidad,,True,True,18702,18124,18413.0,4663,4188,4425.5,22838.5,3194,2970,6164,PONTIFICIA UNIVERSIDAD JAVERIANA-BOGOTÁ D.C.,3200,68,2.12,173.76,174.7,174.45
1702,2024,PONTIFICIA UNIVERSIDAD JAVERIANA,1701,Seccional,Privado,Universidad,,True,True,6838,6960,6899.0,1552,1635,1593.5,8492.5,1251,982,2233,PONTIFICIA UNIVERSIDAD JAVERIANA-CALI,1075,43,4.0,168.68,170.54,169.92
1703,2024,UNIVERSIDAD INCCA DE COLOMBIA,1703,Principal,Privado,Universidad,,True,True,2593,5852,4222.5,226,150,188.0,4410.5,208,249,457,UNIVERSIDAD INCCA DE COLOMBIA-BOGOTÁ D.C.,1352,149,11.02,131.14,135.1,133.87
1704,2024,UNIVERSIDAD SANTO TOMAS,1704,Principal,Privado,Universidad,,True,True,12888,11952,12420.0,3242,3956,3599.0,16019.0,2853,1750,4603,UNIVERSIDAD SANTO TOMAS-BOGOTÁ D.C.,2215,133,6.0,150.96,153.32,152.67
1705,2024,UNIVERSIDAD SANTO TOMAS,1704,Seccional,Privado,Universidad,,True,True,4695,4560,4627.5,1492,1557,1524.5,6152.0,1024,988,2012,UNIVERSIDAD SANTO TOMAS-BUCARAMANGA,797,49,6.15,152.73,155.5,154.43
1706,2024,UNIVERSIDAD EXTERNADO DE COLOMBIA,1706,Principal,Privado,Universidad,,True,True,5167,4944,5055.5,7018,6980,6999.0,12054.5,1037,5096,6133,UNIVERSIDAD EXTERNADO DE COLOMBIA-BOGOTÁ D.C.,1152,32,2.78,170.94,172.17,171.83
1707,2024,FUNDACION UNIVERSIDAD DE BOGOTA - JORGE TADEO LOZANO,1707,Principal,Privado,Universidad,,True,True,5932,5861,5896.5,1105,1454,1279.5,7176.0,1089,792,1881,FUNDACION UNIVERSIDAD DE BOGOTAJORGE TADEO LOZANO-BOGOTÁ D.C.,919,26,2.83,162.4,163.38,163.3
1708,2024,FUNDACION UNIVERSIDAD DE BOGOTA - JORGE TADEO LOZANO,1707,Seccional,Privado,Universidad,,True,True,55,37,46.0,0,0,0.0,46.0,45,0,45,FUNDACION UNIVERSIDAD DE BOGOTAJORGE TADEO LOZANO-CARTAGENA,26,3,11.54,150.69,154.78,154.17
1709,2024,UNIVERSIDAD CENTRAL,1709,Principal,Privado,Universidad,,True,True,5937,5456,5696.5,946,1059,1002.5,6699.0,1264,499,1763,UNIVERSIDAD CENTRAL-BOGOTÁ D.C.,1220,49,4.02,151.15,152.66,152.3
1710,2024,UNIVERSIDAD PONTIFICIA BOLIVARIANA,1710,Principal,Privado,Universidad,,True,True,9790,9351,9570.5,3030,2898,2964.0,12534.5,1649,1660,3309,UNIVERSIDAD PONTIFICIA BOLIVARIANA-MEDELLIN,1812,85,4.69,163.57,166.5,164.79
1711,2024,UNIVERSIDAD DE LA SABANA,1711,Principal,Privado,Universidad,,True,True,10078,9835,9956.5,3320,3541,3430.5,13387.0,1597,2155,3752,UNIVERSIDAD DE LA SABANA-CHIA,1673,11,0.66,180.38,180.62,180.61
1712,2024,UNIVERSIDAD EAFIT-,1712,Principal,Privado,Universidad,,True,True,9736,9585,9660.5,3497,3301,3399.0,13059.5,1550,2315,3865,UNIVERSIDAD EAFIT--MEDELLIN,1449,35,2.42,172.8,173.8,173.61
1713,2024,UNIVERSIDAD DEL NORTE,1713,Principal,Privado,Universidad,,True,True,10836,10576,10706.0,1873,1663,1768.0,12474.0,1936,1268,3204,UNIVERSIDAD DEL NORTE-BARRANQUILLA,2084,96,4.61,173.43,175.37,174.97
1714,2024,COLEGIO MAYOR DE NUESTRA SEÑORA DEL ROSARIO,1714,Principal,Privado,Universidad,,True,True,9246,8970,9108.0,4324,4046,4185.0,13293.0,1804,2601,4405,COLEGIO MAYOR DE NUESTRA SEÑORA DEL ROSARIO-BOGOTÁ D.C.,1560,18,1.15,182.27,182.95,182.63
1715,2024,FUNDACION UNIVERSIDAD DE AMERICA,1715,Principal,Privado,Universidad,,True,True,1882,1753,1817.5,564,480,522.0,2339.5,381,493,874,FUNDACION UNIVERSIDAD DE AMERICA-BOGOTÁ D.C.,352,18,5.11,155.77,157.81,157.28
1716,2024,UNIVERSIDAD DE SAN BUENAVENTURA,1718,Seccional,Privado,Universidad,,True,True,4061,3744,3902.5,590,729,659.5,4562.0,714,468,1182,UNIVERSIDAD DE SAN BUENAVENTURA-CALI,677,51,7.53,149.82,153.2,151.86
1717,2024,UNIVERSIDAD DE SAN BUENAVENTURA,1718,Seccional,Privado,Universidad,,True,True,2945,2686,2815.5,237,268,252.5,3068.0,610,176,786,UNIVERSIDAD DE SAN BUENAVENTURA-MEDELLIN,530,36,6.79,146.89,149.68,148.73
1718,2024,UNIVERSIDAD DE SAN BUENAVENTURA,1718,Principal,Privado,Universidad,,True,True,2755,2689,2722.0,435,338,386.5,3108.5,299,300,599,UNIVERSIDAD DE SAN BUENAVENTURA-BOGOTÁ D.C.,312,19,6.09,157.49,159.81,159.35
1719,2024,UNIVERSIDAD CATOLICA DE COLOMBIA,1719,Principal,Privado,Universidad,,True,True,5755,5252,5503.5,1826,1888,1857.0,7360.5,1374,1601,2975,UNIVERSIDAD CATOLICA DE COLOMBIA-BOGOTÁ D.C.,1301,56,4.3,152.9,154.6,154.14
1720,2024,UNIVERSIDAD MARIANA,1720,Principal,Privado,Universidad,,True,True,6034,5869,5951.5,396,455,425.5,6377.0,1221,349,1570,UNIVERSIDAD MARIANA-PASTO,1035,68,6.57,141.69,144.03,143.46
1722,2024,UNIVERSIDAD DE MANIZALES,1722,Principal,Privado,Universidad,,True,True,5223,5205,5214.0,2078,2348,2213.0,7427.0,1050,836,1886,UNIVERSIDAD DE MANIZALES-MANIZALES,769,40,5.2,147.02,148.86,148.5
1723,2024,UNIVERSIDAD PONTIFICIA BOLIVARIANA,1710,Seccional,Privado,Universidad,,True,True,3794,3412,3603.0,916,874,895.0,4498.0,655,787,1442,UNIVERSIDAD PONTIFICIA BOLIVARIANA-BUCARAMANGA,743,34,4.58,163.53,165.4,164.95
1724,2024,UNIVERSIDAD DE SAN BUENAVENTURA,1718,Seccional,Privado,Universidad,,True,True,4035,3937,3986.0,427,356,391.5,4377.5,726,202,928,UNIVERSIDAD DE SAN BUENAVENTURA-CARTAGENA,643,40,6.22,138.86,141.14,140.49
1725,2024,FUNDACION UNIVERSIDAD AUTONOMA DE COLOMBIA -FUAC-,1725,Principal,Privado,Universidad,,True,True,483,0,241.5,80,0,40.0,281.5,193,154,347,FUNDACION UNIVERSIDAD AUTONOMA DE COLOMBIA -FUAC--BOGOTÁ D.C.,272,35,12.87,132.42,137.21,135.63
1726,2024,UNIVERSIDAD CATOLICA DE ORIENTE -UCO,1726,Principal,Privado,Universidad,,True,True,4004,3837,3920.5,295,299,297.0,4217.5,853,273,1126,UNIVERSIDAD CATOLICA DE ORIENTE-RIONEGRO,672,35,5.21,147.07,149.15,148.49
1727,2024,UNIVERSIDAD PONTIFICIA BOLIVARIANA,1710,Seccional,Privado,Universidad,,True,True,4133,3965,4049.0,385,334,359.5,4408.5,497,301,798,UNIVERSIDAD PONTIFICIA BOLIVARIANA-MONTERIA,572,31,5.42,156.22,158.69,157.76
1728,2024,UNIVERSIDAD SERGIO ARBOLEDA,1728,Principal,Privado,Universidad,,True,True,6855,6649,6752.0,1746,2071,1908.5,8660.5,1383,1534,2917,UNIVERSIDAD SERGIO ARBOLEDA-BOGOTÁ D.C.,1078,50,4.64,160.37,162.34,161.76
1729,2024,UNIVERSIDAD EL BOSQUE,1729,Principal,Privado,Universidad,,True,True,10863,10711,10787.0,2743,2751,2747.0,13534.0,1800,1637,3437,UNIVERSIDAD EL BOSQUE-BOGOTÁ D.C.,1794,79,4.4,159.17,160.85,160.52
1730,2024,UNIVERSIDAD PONTIFICIA BOLIVARIANA,1710,Seccional,Privado,Universidad,,True,True,352,334,343.0,19,21,20.0,363.0,72,6,78,UNIVERSIDAD PONTIFICIA BOLIVARIANA-PALMIRA,38,0,0.0,149.74,149.74,149.74
1732,2024,UNIVERSIDAD SANTO TOMAS,1704,Seccional,Privado,Universidad,,True,True,4338,4189,4263.5,775,1129,952.0,5215.5,682,716,1398,UNIVERSIDAD SANTO TOMAS-TUNJA,680,66,9.71,150.18,153.76,153.02
1733,2024,UNIVERSIDAD SERGIO ARBOLEDA,1728,Seccional,Privado,Universidad,,True,True,2257,2189,2223.0,466,410,438.0,2661.0,411,193,604,UNIVERSIDAD SERGIO ARBOLEDA-SANTA MARTA,363,7,1.93,147.42,148.47,147.87
1734,2024,UNIVERSIDAD DE BOYACA UNIBOYACA,1734,Principal,Privado,Universidad,,True,True,4939,4807,4873.0,637,623,630.0,5503.0,678,430,1108,UNIVERSIDAD DE BOYACA - UNIBOYACA-TUNJA,656,27,4.12,148.42,150.25,149.52
1735,2024,UNIVERSIDAD MANUELA BELTRAN-UMB-,1735,Principal,Privado,Universidad,,True,True,6835,6628,6731.5,1341,1368,1354.5,8086.0,1064,760,1824,UNIVERSIDAD MANUELA BELTRAN-UMB--BOGOTÁ D.C.,731,42,5.75,149.38,151.61,151.0
1801,2024,UNIVERSIDAD LA GRAN COLOMBIA,1801,Principal,Privado,Universidad,,True,True,6108,5426,5767.0,1142,948,1045.0,6812.0,1566,929,2495,UNIVERSIDAD LA GRAN COLOMBIA-BOGOTÁ D.C.,1350,81,6.0,148.55,151.07,150.19
1802,2024,UNIVERSIDAD LA GRAN COLOMBIA,1801,Seccional,Privado,Universidad,,True,True,2139,2057,2098.0,122,159,140.5,2238.5,301,120,421,UNIVERSIDAD LA GRAN COLOMBIA-ARMENIA,415,22,5.3,151.17,153.56,152.61
1803,2024,UNIVERSIDAD DE LA SALLE,1803,Principal,Privado,Universidad,,True,True,7709,7590,7649.5,1519,1652,1585.5,9235.0,1338,910,2248,UNIVERSIDAD DE LA SALLE-BOGOTÁ D.C.,1262,56,4.44,155.76,157.8,157.0
1804,2024,UNIVERSIDAD AUTONOMA DEL CARIBE- UNIAUTONOMA,1804,Principal,Privado,Universidad,,True,True,5739,5509,5624.0,959,695,827.0,6451.0,1045,752,1797,UNIVERSIDAD AUTONOMA DEL CARIBE-BARRANQUILLA,964,93,9.65,139.33,142.96,141.88
1805,2024,UNIVERSIDAD SANTIAGO DE CALI,1805,Principal,Privado,Universidad,,True,True,19750,20171,19960.5,1412,1781,1596.5,21557.0,2532,1003,3535,UNIVERSIDAD SANTIAGO DE CALI-CALI,2956,240,8.12,140.36,143.2,142.55
1806,2024,UNIVERSIDAD LIBRE,1806,Principal,Privado,Universidad,,True,True,6939,6665,6802.0,1994,2039,2016.5,8818.5,1153,1773,2926,UNIVERSIDAD LIBRE-BOGOTÁ D.C.,1055,48,4.55,153.64,155.47,154.96
1807,2024,UNIVERSIDAD LIBRE,1806,Seccional,Privado,Universidad,,True,True,4312,4109,4210.5,825,807,816.0,5026.5,983,805,1788,UNIVERSIDAD LIBRE-CALI,968,51,5.27,147.33,149.4,148.79
1808,2024,UNIVERSIDAD LIBRE,1806,Seccional,Privado,Universidad,,True,True,4912,4759,4835.5,956,899,927.5,5763.0,912,903,1815,UNIVERSIDAD LIBRE-BARRANQUILLA,1022,87,8.51,149.02,152.36,151.43
1809,2024,UNIVERSIDAD LIBRE,1806,Seccional,Privado,Universidad,,True,True,2794,2669,2731.5,467,481,474.0,3205.5,602,504,1106,UNIVERSIDAD LIBRE-PEREIRA,471,26,5.52,151.79,153.88,153.4
1810,2024,UNIVERSIDAD LIBRE,1806,Seccional,Privado,Universidad,,True,True,1370,1302,1336.0,343,378,360.5,1696.5,284,333,617,UNIVERSIDAD LIBRE-CUCUTA,200,8,4.0,157.02,158.88,158.15
1811,2024,UNIVERSIDAD LIBRE,1806,Seccional,Privado,Universidad,,True,True,644,583,613.5,89,89,89.0,702.5,182,130,312,UNIVERSIDAD LIBRE-SOCORRO,144,9,6.25,147.83,150.57,149.5
1812,2024,UNIVERSIDAD DE MEDELLIN,1812,Principal,Privado,Universidad,,True,True,6286,5912,6099.0,1181,1176,1178.5,7277.5,1056,1102,2158,UNIVERSIDAD DE MEDELLIN-MEDELLIN,935,31,3.32,157.37,158.74,158.34
1813,2024,UNIVERSIDAD DE LOS ANDES,1813,Principal,Privado,Universidad,,True,True,17419,17440,17429.5,4926,4638,4782.0,22211.5,3075,2332,5407,UNIVERSIDAD DE LOS ANDES-BOGOTÁ D.C.,2643,89,3.37,184.43,185.94,185.61
1814,2024,UNIVERSIDAD AUTONOMA LATINOAMERICANA-UNAULA-,1814,Principal,Privado,Universidad,,True,True,2781,2613,2697.0,976,1042,1009.0,3706.0,307,562,869,UNIVERSIDAD AUTONOMA LATINOAMERICANA-UNAULA-MEDELLIN,598,27,4.52,150.95,152.96,152.18
1815,2024,CORPORACION UNIVERSIDAD PILOTO DE COLOMBIA,1815,Principal,Privado,Universidad,,True,True,3572,3616,3594.0,1305,1104,1204.5,4798.5,583,1032,1615,CORPORACION UNIVERSIDAD PILOTO DE COLOMBIA-BOGOTÁ D.C.,610,41,6.72,150.99,153.62,152.92
1816,2024,UNIVERSIDAD COOPERATIVA DE COLOMBIA,1818,Seccional,Privado,Universidad,,True,True,4129,4177,4153.0,476,493,484.5,4637.5,713,321,1034,UNIVERSIDAD COOPERATIVA DE COLOMBIA-MEDELLIN,778,59,7.58,146.67,149.21,148.86
1817,2024,UNIVERSIDAD COOPERATIVA DE COLOMBIA,1818,Seccional,Privado,Universidad,,True,True,3412,3452,3432.0,164,203,183.5,3615.5,670,158,828,UNIVERSIDAD COOPERATIVA DE COLOMBIA-BUCARAMANGA,513,44,8.58,137.64,140.9,139.84
1818,2024,UNIVERSIDAD COOPERATIVA DE COLOMBIA,1818,Principal,Privado,Universidad,,True,True,21217,20857,21037.0,1668,1745,1706.5,22743.5,4107,1147,5254,UNIVERSIDAD COOPERATIVA DE COLOMBIA-BOGOTÁ D.C.,3276,256,7.81,139.23,142.14,141.27
1819,2024,UNIVERSIDAD COOPERATIVA DE COLOMBIA,1818,Seccional,Privado,Universidad,,True,True,453,471,462.0,26,66,46.0,508.0,126,42,168,UNIVERSIDAD COOPERATIVA DE COLOMBIA-BARRANCABERMEJA,117,14,11.97,141.76,145.5,145.18
1820,2024,UNIVERSIDAD COOPERATIVA DE COLOMBIA,1818,Seccional,Privado,Universidad,,True,True,3807,3843,3825.0,102,134,118.0,3943.0,591,111,702,UNIVERSIDAD COOPERATIVA DE COLOMBIA-SANTA MARTA,873,73,8.36,143.86,146.74,146.21
1822,2024,CORPORACION UNIVERSIDAD PILOTO DE COLOMBIA,1815,Seccional,Privado,Universidad,,True,True,917,904,910.5,71,68,69.5,980.0,177,40,217,CORPORACION UNIVERSIDAD PILOTO DE COLOMBIA-GIRARDOT,146,7,4.79,138.19,140.04,139.42
1823,2024,UNIVERSIDAD AUTONOMA DE BUCARAMANGA-UNAB-,1823,Principal,Privado,Universidad,,True,True,7800,7748,7774.0,1634,1580,1607.0,9381.0,1402,1011,2413,UNIVERSIDAD AUTONOMA DE BUCARAMANGA-UNAB-BUCARAMANGA,1080,59,5.46,156.67,158.99,158.26
1824,2024,UNIVERSIDAD METROPOLITANA,1824,Principal,Privado,Universidad,,True,True,4786,4913,4849.5,137,144,140.5,4990.0,842,27,869,UNIVERSIDAD METROPOLITANA-BARRANQUILLA,757,50,6.61,141.62,144.13,143.38
1825,2024,UNIVERSIDAD AUTONOMA DE MANIZALES,1825,Principal,Privado,Universidad,,True,True,3335,3080,3207.5,848,669,758.5,3966.0,914,388,1302,UNIVERSIDAD AUTONOMA DE MANIZALES-MANIZALES,418,14,3.35,158.0,159.66,158.93
1826,2024,UNIVERSIDAD ANTONIO NARIÑO,1826,Principal,Privado,Universidad,,True,True,12544,12159,12351.5,701,750,725.5,13077.0,2237,384,2621,UNIVERSIDAD ANTONIO NARIÑO-BOGOTÁ D.C.,2471,330,13.35,138.53,143.44,142.09
1827,2024,UNIVERSIDAD CATOLICA DE MANIZALES,1827,Principal,Privado,Universidad,,True,True,1998,1937,1967.5,798,712,755.0,2722.5,400,553,953,UNIVERSIDAD CATOLICA DE MANIZALES-MANIZALES,268,18,6.72,145.56,147.83,147.47
1828,2024,UNIVERSIDAD ICESI,1828,Principal,Privado,Universidad,,True,True,6012,6181,6096.5,2310,2402,2356.0,8452.5,939,1204,2143,UNIVERSIDAD ICESI-CALI,762,5,0.66,180.79,181.11,181.01
1829,2024,UNIVERSIDAD SANTIAGO DE CALI,1805,Seccional,Privado,Universidad,,True,True,2229,2246,2237.5,0,0,0.0,2237.5,386,0,386,UNIVERSIDAD SANTIAGO DE CALI-PALMIRA,309,60,19.42,136.13,142.68,141.44
1830,2024,UNIVERSIDAD AUTONOMA DE OCCIDENTE,1830,Principal,Privado,Universidad,,True,True,6520,6801,6660.5,1975,2021,1998.0,8658.5,1295,1600,2895,UNIVERSIDAD AUTONOMA DE OCCIDENTE-CALI,1053,52,4.94,157.57,159.61,159.02
1831,2024,UNIVERSIDAD DE IBAGUE,1831,Principal,Privado,Universidad,,True,True,4675,4310,4492.5,204,282,243.0,4735.5,736,148,884,UNIVERSIDAD DE IBAGUE-IBAGUE,634,38,5.99,152.46,154.61,154.24
1832,2024,UNIVERSIDAD TECNOLOGICA DE BOLIVAR,1832,Principal,Privado,Universidad,,True,True,5234,4930,5082.0,673,735,704.0,5786.0,827,468,1295,UNIVERSIDAD TECNOLOGICA DE BOLIVAR-CARTAGENA,791,39,4.93,161.22,163.07,162.76
1833,2024,CORPORACIÓN UNIVERSIDAD DEL SINU - ELIAS BECHARA ZAINUM - UNISINU -,1833,Principal,Privado,Universidad,,True,True,9139,9128,9133.5,618,641,629.5,9763.0,1867,271,2138,UNIVERSIDAD DEL SINÚ 'Elías Bechara Zainúm' - UNISINÚ-MONTERIA,1669,95,5.69,138.36,140.28,139.88
1834,2024,CORPORACIÓN UNIVERSIDAD DEL SINU - ELIAS BECHARA ZAINUM - UNISINU -,1833,Seccional,Privado,Universidad,,True,True,5851,5776,5813.5,161,210,185.5,5999.0,956,52,1008,UNIVERSIDAD DEL SINÚ 'Elías Bechara Zainúm' - UNISINÚ-CARTAGENA,692,41,5.92,140.09,142.96,141.5
1835,2024,UNIVERSIDAD DE CIENCIAS APLICADAS Y AMBIENTALES - UDCA,1835,Principal,Privado,Universidad,,True,True,4770,4763,4766.5,216,243,229.5,4996.0,788,181,969,UNIVERSIDAD DE CIENCIAS APLICADAS Y AMBIENTALES UDCA.-BOGOTÁ D.C.,778,43,5.53,148.86,151.3,150.34
2102,2024,UNIVERSIDAD NACIONAL ABIERTA Y A DISTANCIA UNAD,2102,Principal,Oficial,Universidad,225709,True,True,166969,174617,170793.0,5346,5338,5342.0,176135.0,10658,1892,12550,UNIVERSIDAD NACIONAL ABIERTA Y A DISTANCIA UNAD-BOGOTÁ D.C.,11947,1067,8.93,136.1,139.53,138.36
2104,2024,ESCUELA SUPERIOR DE ADMINISTRACION PUBLICA-ESAP-,2104,Principal,Oficial,Institución Universitaria/Escuela Tecnológica,,True,True,15958,14526,15242.0,1539,1613,1576.0,16818.0,1778,991,2769,ESCUELA SUPERIOR DE ADMINISTRACION PUBLICA-ESAP-BOGOTÁ D.C.,2470,257,10.4,134.15,137.93,136.78
2106,2024,DIRECCION DE EDUCACION POLICIAL,2106,Principal,Oficial,Institución Universitaria/Escuela Tecnológica,,True,True,22118,24785,23451.5,720,606,663.0,24114.5,18182,562,18744,DIRECCION NACIONAL DE ESCUELAS-BOGOTÁ D.C.,313,37,11.82,136.25,139.71,139.51
2110,2024,COLEGIO MAYOR DE ANTIOQUIA,2110,Principal,Oficial,Institución Universitaria/Escuela Tecnológica,,True,True,4968,5191,5079.5,102,133,117.5,5197.0,837,57,894,COLEGIO MAYOR DE ANTIOQUIA-MEDELLIN,453,32,7.06,146.81,149.13,148.86
2114,2024,ESCUELA NACIONAL DEL DEPORTE,2114,Principal,Oficial,Institución Universitaria/Escuela Tecnológica,,True,True,3590,3745,3667.5,199,260,229.5,3897.0,793,174,967,ESCUELA NACIONAL DEL DEPORTE-CALI,475,29,6.11,141.8,144.17,143.42
2206,2024,INSTITUTO DEPARTAMENTAL DE BELLAS ARTES,2206,Principal,Oficial,Institución Universitaria/Escuela Tecnológica,,True,True,823,867,845.0,0,0,0.0,845.0,128,0,128,INSTITUTO DEPARTAMENTAL DE BELLAS ARTES-CALI,105,4,3.81,152.73,153.47,154.01
2207,2024,INSTITUTO UNIVERSITARIO DE LA PAZ,2207,Principal,Oficial,Institución Universitaria/Escuela Tecnológica,,True,True,4448,4624,4536.0,53,97,75.0,4611.0,692,35,727,INSTITUTO UNIVERSITARIO DE LA PAZ-BARRANCABERMEJA,557,97,17.41,131.0,136.98,135.48
2208,2024,CONSERVATORIO DEL TOLIMA,2208,Principal,Oficial,Institución Universitaria/Escuela Tecnológica,,True,True,576,568,572.0,26,0,13.0,585.0,71,19,90,CONSERVATORIO DEL TOLIMA-IBAGUE,55,10,18.18,145.69,153.02,150.81
2209,2024,POLITECNICO COLOMBIANO JAIME ISAZA CADAVID,2209,Principal,Oficial,Institución Universitaria/Escuela Tecnológica,,True,True,10830,10956,10893.0,309,325,317.0,11210.0,1676,196,1872,POLITECNICO COLOMBIANOJAIME ISAZA CADAVID-MEDELLIN,1503,79,5.26,148.56,150.37,150.09
2211,2024,INSTITUCION UNIVERSITARIA BELLAS ARTES Y CIENCIAS DE BOLIVAR,2211,Principal,Oficial,Institución Universitaria/Escuela Tecnológica,,True,True,1467,1542,1504.5,0,0,0.0,1504.5,234,0,234,INSTITUCION UNIVERSITARIA BELLAS ARTES Y CIENCIAS DE BOLIVAR-CARTAGENA,257,21,8.17,138.92,141.75,141.11
2301,2024,UNIDAD CENTRAL DEL VALLE DEL CAUCA,2301,Principal,Oficial,Institución Universitaria/Escuela Tecnológica,,True,True,5952,6351,6151.5,160,136,148.0,6299.5,712,91,803,UNIDAD CENTRAL DEL VALLE DEL CAUCA-TULUA,843,64,7.59,150.37,153.42,152.52
2302,2024,INSTITUCION UNIVERSITARIA DE ENVIGADO,2302,Principal,Oficial,Institución Universitaria/Escuela Tecnológica,,True,True,5468,5703,5585.5,264,333,298.5,5884.0,815,211,1026,INSTITUCION UNIVERSITARIA DE ENVIGADO-ENVIGADO,785,33,4.2,147.82,149.49,148.98
2701,2024,INSTITUCION UNIVERSITARIA COLEGIOS DE COLOMBIA - UNICOC,2701,Principal,Privado,Institución Universitaria/Escuela Tecnológica,,True,True,1525,1850,1687.5,239,286,262.5,1950.0,197,123,320,INSTITUCION UNIVERSITARIA COLEGIOS DE COLOMBIA -UNICOC-BOGOTÁ D.C.,239,9,3.77,148.46,149.81,149.54
2702,2024,FUNDACION UNIVERSITARIA DE CIENCIAS DE LA SALUD,2702,Principal,Privado,Institución Universitaria/Escuela Tecnológica,,True,True,3628,3678,3653.0,1829,1594,1711.5,5364.5,654,870,1524,FUNDACION UNIVERSITARIA DE CIENCIAS DE LA SALUD-BOGOTÁ D.C.,626,29,4.63,156.62,158.61,157.96
2704,2024,COLEGIO DE ESTUDIOS SUPERIORES DE ADMINISTRACION-CESA-,2704,Principal,Privado,Institución Universitaria/Escuela Tecnológica,,True,True,1313,1388,1350.5,404,464,434.0,1784.5,224,219,443,COLEGIO DE ESTUDIOS SUPERIORES DE ADMINISTRACION-CESA-BOGOTÁ D.C.,246,9,3.66,177.68,179.15,178.95
2707,2024,FUNDACIÓN UNIVERSITARIA JUAN N. CORPAS,2707,Principal,Privado,Institución Universitaria/Escuela Tecnológica,,True,True,2062,2028,2045.0,290,295,292.5,2337.5,157,86,243,FUNDACION UNIVERSITARIA JUAN N. CORPAS-BOGOTÁ D.C.,164,13,7.93,152.12,155.72,154.29
2708,2024,UNIVERSIDAD CES,2708,Principal,Privado,Universidad,,True,True,4963,4897,4930.0,1389,1363,1376.0,6306.0,757,830,1587,UNIVERSIDAD CES-MEDELLIN,717,37,5.16,163.01,165.23,164.59
2709,2024,FUNDACION UNIVERSITARIA SAN MARTIN,2709,Principal,Privado,Institución Universitaria/Escuela Tecnológica,,True,True,7215,7166,7190.5,0,0,0.0,7190.5,717,0,717,FUNDACION UNIVERSITARIA SAN MARTIN-BOGOTÁ D.C.,960,72,7.5,143.77,146.63,145.8
2710,2024,FUNDACION UNIVERSITARIA MONSERRATE -UNIMONSERRATE,2710,Principal,Privado,Institución Universitaria/Escuela Tecnológica,,True,True,1618,1495,1556.5,199,170,184.5,1741.0,322,119,441,FUNDACION UNIVERSITARIA MONSERRATE - UNIMONSERRATE-BOGOTÁ D.C.,280,16,5.71,138.34,140.69,139.75
2711,2024,UNIVERSIDAD CATOLICA DE PEREIRA,2711,Principal,Privado,Universidad,,True,True,2522,2355,2438.5,294,251,272.5,2711.0,403,278,681,UNIVERSIDAD CATOLICA DE PEREIRA-PEREIRA,306,18,5.88,148.44,151.12,149.99
2712,2024,FUNDACION UNIVERSITARIA KONRAD LORENZ,2712,Principal,Privado,Institución Universitaria/Escuela Tecnológica,,True,True,3699,3504,3601.5,632,666,649.0,4250.5,718,537,1255,FUNDACION UNIVERSITARIA KONRAD LORENZ-BOGOTÁ D.C.,624,15,2.4,159.05,159.94,159.8
2713,2024,FUNDACION UNIVERSITARIA LOS LIBERTADORES,2713,Principal,Privado,Institución Universitaria/Escuela Tecnológica,,True,True,6039,5795,5917.0,2974,3045,3009.5,8926.5,1046,2039,3085,FUNDACION UNIVERSITARIA LOS LIBERTADORES-BOGOTÁ D.C.,1007,54,5.36,143.11,145.11,144.56
2715,2024,FUNDACION UNIVERSITARIA DE POPAYAN,2715,Principal,Privado,Institución Universitaria/Escuela Tecnológica,,True,True,5609,5352,5480.5,230,184,207.0,5687.5,1019,216,1235,FUNDACION UNIVERSITARIA DE POPAYAN-POPAYAN,1058,73,6.9,131.11,133.52,132.81
2719,2024,UNIVERSIDAD CATÓLICA LUIS AMIGÓ,2719,Principal,Privado,Universidad,,True,True,13529,13106,13317.5,429,308,368.5,13686.0,2074,400,2474,FUNDACION UNIVERSITARIA LUIS AMIGO FUNLAM-MEDELLIN,1953,133,6.81,143.57,146.13,145.42
2720,2024,FUNDACION UNIVERSITARIA JUAN DE CASTELLANOS,2720,Principal,Privado,Institución Universitaria/Escuela Tecnológica,,True,True,2394,2193,2293.5,450,284,367.0,2660.5,588,485,1073,FUNDACION UNIVERSITARIA JUAN DE CASTELLANOS-TUNJA,588,50,8.5,139.26,142.55,141.47
2721,2024,FUNDACION UNIVERSITARIA MARIA CANO,2721,Principal,Privado,Institución Universitaria/Escuela Tecnológica,,True,True,3230,3071,3150.5,101,153,127.0,3277.5,568,198,766,FUNDACION UNIVERSITARIA MARIA CANO-MEDELLIN,761,46,6.04,138.98,141.28,140.54
2723,2024,FUNDACION UNIVERSITARIA AGRARIA DE COLOMBIA -UNIAGRARIA-,2723,Principal,Privado,Institución Universitaria/Escuela Tecnológica,,True,True,3070,3186,3128.0,531,473,502.0,3630.0,538,295,833,FUNDACION UNIVERSITARIA AGRARIA DE COLOMBIA -UNIAGRARIA-BOGOTÁ D.C.,431,29,6.73,147.81,150.2,149.73
2724,2024,FUNDACION UNIVERSITARIA DE SAN GIL - UNISANGIL -,2724,Principal,Privado,Institución Universitaria/Escuela Tecnológica,,True,True,2286,2162,2224.0,88,61,74.5,2298.5,541,79,620,FUNDACION UNIVERSITARIA DE SAN GIL - UNISANGIL -SAN GIL,310,24,7.74,142.72,146.01,144.72
2725,2024,POLITECNICO GRANCOLOMBIANO,2725,Principal,Privado,Institución Universitaria/Escuela Tecnológica,,True,True,49102,48800,48951.0,3490,3669,3579.5,52530.5,11466,2780,14246,POLITECNICO GRANCOLOMBIANO-BOGOTÁ D.C.,9746,719,7.38,137.41,140.15,139.3
2727,2024,FUNDACION UNIVERSITARIA-CEIPA-,2727,Principal,Privado,Institución Universitaria/Escuela Tecnológica,,True,True,4023,4065,4044.0,616,557,586.5,4630.5,819,380,1199,FUNDACION UNIVERSITARIA-CEIPA-SABANETA,852,35,4.11,144.13,145.83,145.2
2728,2024,FUNDACION UNIVERSITARIA DEL AREA ANDINA,2728,Principal,Privado,Institución Universitaria/Escuela Tecnológica,,True,True,29497,30507,30002.0,5567,5801,5684.0,35686.0,8370,4849,13219,FUNDACION UNIVERSITARIA DEL AREA ANDINA-BOGOTÁ D.C.,7814,566,7.24,137.78,140.48,139.65
2730,2024,FUNDACION ESCUELA COLOMBIANA DE REHABILITACION,2730,Principal,Privado,Institución Universitaria/Escuela Tecnológica,,True,True,1082,1066,1074.0,107,101,104.0,1178.0,145,57,202,FUNDACION ESCUELA COLOMBIANA DE REHABILITACION-BOGOTÁ D.C.,174,7,4.02,146.78,148.31,147.87
2731,2024,FUNDACION UNIVERSITARIA CATOLICA LUMEN GENTIUM - UNICATÓLICA - CALI,2731,Principal,Privado,Institución Universitaria/Escuela Tecnológica,,True,True,2300,2022,2161.0,111,99,105.0,2266.0,1078,119,1197,FUNDACION UNIVERSITARIA CATOLICA LUMEN GENTIUM-CALI,574,45,7.84,133.39,135.97,135.41
2732,2024,FUNDACION UNIVERSITARIA CATOLICA DEL NORTE,2732,Principal,Privado,Institución Universitaria/Escuela Tecnológica,,True,True,4251,3968,4109.5,342,396,369.0,4478.5,353,275,628,FUNDACION UNIVERSITARIA CATOLICA DEL NORTE-SANTA ROSA DE OSOS,672,54,8.04,137.38,140.31,139.46
2733,2024,FUNDACIÓN UNIVERSITARIA SAN ALFONSO- FUSA-,2733,Principal,Privado,Institución Universitaria/Escuela Tecnológica,,True,True,160,139,149.5,6,6,6.0,155.5,28,3,31,FUNDACIÓN UNIVERSITARIA SAN ALFONSO- FUSA-BOGOTÁ D.C.,46,2,4.35,141.26,141.64,142.7
2736,2024,FUNDACION UNIVERSITARIA SEMINARIO BIBLICO DE COLOMBIA - FUSBC,2736,Principal,Privado,Institución Universitaria/Escuela Tecnológica,,True,True,173,178,175.5,19,19,19.0,194.5,32,4,36,FUNDACION UNIVERSITARIA SEMINARIO BIBLICO DE COLOMBIA- FUSBC-MEDELLIN,33,2,6.06,154.7,157.13,156.48
2737,2024,FUNDACION UNIVERSITARIA DEL AREA ANDINA,2728,Seccional,Privado,Institución Universitaria/Escuela Tecnológica,,True,True,4733,4706,4719.5,229,173,201.0,4920.5,999,235,1234,FUNDACION UNIVERSITARIA DEL AREA ANDINA-PEREIRA,1065,48,4.51,140.23,142.12,141.36
2738,2024,FUNDACION UNIVERSITARIA EMPRESARIAL DE LA CAMARA DE COMERCIO DE BOGOTA- UNIEMPRESARIAL,2738,Principal,Privado,Institución Universitaria/Escuela Tecnológica,,True,True,1026,970,998.0,0,0,0.0,998.0,220,0,220,FUNDACION UNIVERSITARIA EMPRESARIAL DE LA CAMARA DE COMERCIO DE Bogotá -BOGOTÁ D.C.,222,7,3.15,148.99,150.3,149.84
2739,2024,FUNDACION DE ESTUDIOS SUPERIORES UNIVERSITARIOS DE URABA ANTONIO ROLDAN BETANCUR,2739,Principal,Privado,Institución Universitaria/Escuela Tecnológica,,True,True,108,206,157.0,6,0,3.0,160.0,91,0,91,FUNDACION DE ESTUDIOS SUPERIORES UNIVERSITARIOS DE URABA ANTONIO ROLDAN BETANCUR-APARTADO,36,5,13.89,124.94,129.39,128.31
2740,2024,INSTITUCION UNIVERSITARIA COLOMBO AMERICANA - UNICA,2740,Principal,Privado,Institución Universitaria/Escuela Tecnológica,,True,True,122,117,119.5,46,45,45.5,165.0,17,28,45,INSTITUCION UNIVERSITARIA COLOMBO AMERICANA - UNICA-BOGOTÁ D.C.,20,1,5.0,166.45,168.74,167.99
2741,2024,FUNDACION DE ESTUDIOS SUPERIORES - MONSEÑOR ABRAHAM ESCUDERO MONTOYA  - FUNDES,2741,Principal,Privado,Institución Universitaria/Escuela Tecnológica,,True,True,594,543,568.5,8,13,10.5,579.0,109,6,115,FUNDACION DE ESTUDIOS SUPERIORES MONSEÑOR ABRAHAM ESCUDERO MONTOYA- FUNDES-ESPINAL,86,6,6.98,133.14,135.43,134.93
2743,2024,UNIVERSIDAD INTERNACIONAL DEL TRÓPICO AMERICANO - UNITRÓPICO,2743,Principal,Oficial,Universidad,225733,True,True,2908,3263,3085.5,17,21,19.0,3104.5,494,37,531,UNIVERSIDAD INTERNACIONAL DEL TRÓPICO AMERICANO,332,26,7.83,139.47,141.99,141.63
2744,2024,UNIVERSIDAD CESMAG - UNICESMAG,2744,Principal,Privado,Universidad,,True,True,5608,5377,5492.5,537,439,488.0,5980.5,1001,348,1349,INSTITUCION UNIVERSITARIA CENTRO DE ESTUDIOS SUPERIORES MARIA GORETTI-PASTO,1018,123,12.08,134.61,138.74,137.76
2745,2024,FUNDACIÓN UNIVERSITARIA COMPENSAR,2745,Principal,Privado,Institución Universitaria/Escuela Tecnológica,,True,True,8682,8771,8726.5,456,498,477.0,9203.5,2635,341,2976,FUNDACION UNIVERSITARIA COMPENSAR,1026,58,5.65,139.88,141.76,141.4
2746,2024,FUNDACION UNIVERSITARIA SANITAS,2746,Principal,Privado,Institución Universitaria/Escuela Tecnológica,,True,True,1276,1256,1266.0,514,516,515.0,1781.0,214,227,441,FUNDACION UNIVERSITARIA SANITAS-BOGOTÁ D.C.,242,17,7.02,151.32,154.02,153.35
2747,2024,INSTITUCIÓN UNIVERSITARIA VISIÓN DE LAS AMÉRICAS,2747,Principal,Privado,Institución Universitaria/Escuela Tecnológica,,True,True,2840,2712,2776.0,68,67,67.5,2843.5,603,34,637,INSTITUCIÓN UNIVERSITARIA VISIÓN DE LAS AMÉRICAS-MEDELLIN,576,40,6.94,142.36,145.04,144.21
2748,2024,FUNDACION UNIVERSITARIA SEMINARIO TEOLOGICO BAUTISTA INTERNACIONAL,2748,Principal,Privado,Institución Universitaria/Escuela Tecnológica,,True,True,235,189,212.0,17,21,19.0,231.0,47,10,57,FUNDACION UNIVERSITARIA SEMINARIO TEOLOGICO BAUTISTA INTERNACIONAL- UNIBAUTISTA-CALI,60,6,10.0,141.12,145.61,143.63
2749,2024,INSTITUCION UNIVERSITARIA  SALAZAR Y HERRERA,2749,Principal,Privado,Institución Universitaria/Escuela Tecnológica,,True,True,2009,1883,1946.0,3,19,11.0,1957.0,442,11,453,INSTITUCION UNIVERSITARIA SALAZAR Y HERRERA-MEDELLIN,248,15,6.05,144.67,147.3,146.24
2805,2024,UNIVERSIDAD SIMON BOLIVAR,2805,Principal,Privado,Universidad,,True,True,16319,16055,16187.0,1377,1300,1338.5,17525.5,2984,999,3983,UNIVERSIDAD SIMON BOLIVAR-BARRANQUILLA,2787,246,8.83,138.33,141.62,140.63
2810,2024,CORPORACION UNIVERSIDAD DE LA COSTA CUC,2810,Principal,Privado,Universidad,,True,True,12146,10774,11460.0,1749,812,1280.5,12740.5,1948,753,2701,"CORPORACION UNIVERSIDAD DE LA COSTA, CUC-BARRANQUILLA",2198,63,2.87,146.7,147.91,147.45
2811,2024,UNIVERSIDAD ESCUELA COLOMBIANA DE INGENIERIA JULIO GARAVITO,2811,Principal,Privado,Universidad,,True,True,3586,3451,3518.5,783,874,828.5,4347.0,633,279,912,ESCUELA COLOMBIANA DE INGENIERIAJULIO GARAVITO-BOGOTÁ D.C.,589,23,3.9,170.88,172.25,172.22
2812,2024,UNIVERSIDAD EAN,2812,Principal,Privado,Universidad,,True,True,9078,9046,9062.0,3226,3089,3157.5,12219.5,1030,1948,2978,UNIVERSIDAD EAN-BOGOTÁ D.C.,1231,43,3.49,159.74,161.4,160.73
2813,2024,UNIVERSIDAD EIA,2813,Principal,Privado,Universidad,,True,True,2138,2174,2156.0,255,278,266.5,2422.5,137,57,194,UNIVERSIDAD EIA-MEDELLIN,214,4,1.87,184.33,185.58,184.88
2815,2024,CORPORACION UNIVERSITARIA ADVENTISTA - UNAC,2815,Principal,Privado,Institución Universitaria/Escuela Tecnológica,,True,True,1267,1210,1238.5,113,141,127.0,1365.5,182,89,271,CORPORACION UNIVERSITARIA ADVENTISTA-MEDELLIN,193,6,3.11,145.98,147.41,146.78
2818,2024,CORPORACION UNIVERSITARIA DE SANTA ROSA DE CABAL-UNISARC-,2818,Principal,Privado,Institución Universitaria/Escuela Tecnológica,,True,True,830,1034,932.0,2,0,1.0,933.0,162,6,168,CORPORACION UNIVERSITARIA DE SANTA ROSA DE CABAL-UNISARC-SANTA ROSA DE CABAL,87,15,17.24,134.64,141.53,139.06
2820,2024,CORPORACION UNIVERSITARIA LASALLISTA,2820,Principal,Privado,Institución Universitaria/Escuela Tecnológica,,True,True,1780,1740,1760.0,22,16,19.0,1779.0,175,17,192,CORPORACION UNIVERSITARIA LASALLISTA-CALDAS,229,6,2.62,150.63,151.51,151.4
2822,2024,"ESCUELA SUPERIOR DE OFTALMOLOGIA, INSTITUTO BARRAQUER DE AMERICA",2822,Principal,Privado,Institución Universitaria/Escuela Tecnológica,,True,False,0,0,0.0,0,0,0.0,0.0,0,2,2,,,,,,,
2823,2024,CORPORACION UNIVERSITARIA DEL CARIBE - CECAR,2823,Principal,Privado,Institución Universitaria/Escuela Tecnológica,,True,True,7282,6861,7071.5,463,363,413.0,7484.5,1746,219,1965,CORPORACION UNIVERSITARIA DEL CARIBE - CECAR-SINCELEJO,1670,172,10.3,132.83,136.78,135.37
2825,2024,CORPORACION UNIVERSITARIA RAFAEL NUÑEZ,2825,Principal,Privado,Institución Universitaria/Escuela Tecnológica,,True,True,4586,4401,4493.5,33,54,43.5,4537.0,960,18,978,CORPORACION UNIVERSITARIA RAFAEL NUÑEZ-CARTAGENA,766,112,14.62,132.11,137.22,135.85
2827,2024,CORPORACION UNIVERSITARIA DEL META - UNIMETA,2827,Principal,Privado,Institución Universitaria/Escuela Tecnológica,,True,True,2302,2135,2218.5,190,92,141.0,2359.5,378,187,565,CORPORACION UNIVERSITARIA DEL META-VILLAVICENCIO,321,44,13.71,138.34,142.71,142.13
2828,2024,CORPORACION UNIVERSITARIA DEL HUILA-CORHUILA-,2828,Principal,Privado,Institución Universitaria/Escuela Tecnológica,,True,True,2453,2272,2362.5,144,145,144.5,2507.0,491,129,620,CORPORACION UNIVERSITARIA DEL HUILA-CORHUILA-NEIVA,390,20,5.13,136.11,138.14,137.37
2829,2024,CORPORACION UNIVERSITARIA MINUTO DE DIOS -UNIMINUTO-,2829,Principal,Privado,Institución Universitaria/Escuela Tecnológica,,True,True,82547,76084,79315.5,14682,13033,13857.5,93173.0,15035,10438,25473,CORPORACION UNIVERSITARIA MINUTO DE DIOS -UNIMINUTO-BOGOTÁ D.C.,13535,1112,8.22,133.58,136.51,135.65
2830,2024,CORPORACION UNIVERSITARIA IBEROAMERICANA,2830,Principal,Privado,Institución Universitaria/Escuela Tecnológica,,True,True,21548,18495,20021.5,5943,4812,5377.5,25399.0,2462,3869,6331,CORPORACION UNIVERSITARIA IBEROAMERICANA-BOGOTÁ D.C.,3409,299,8.77,133.63,136.86,135.82
2831,2024,CORPORACION UNIVERSITARIA DE CIENCIA Y DESARROLLO - UNICIENCIA,2831,Principal,Privado,Institución Universitaria/Escuela Tecnológica,,True,True,2181,2170,2175.5,62,119,90.5,2266.0,470,141,611,CORPORACION UNIVERSITARIA DE CIENCIA Y DESARROLLO - UNICIENCIA-BOGOTÁ D.C.,413,43,10.41,139.48,143.5,142.2
2832,2024,UNIVERSIDAD DE SANTANDER - UDES,2832,Principal,Privado,Universidad,,True,True,9828,9664,9746.0,4398,4802,4600.0,14346.0,1452,3802,5254,UNIVERSIDAD DE SANTANDER - UDES-BUCARAMANGA,1483,113,7.62,141.23,144.21,143.23
2833,2024,CORPORACION UNIVERSITARIA REMINGTON,2833,Principal,Privado,Institución Universitaria/Escuela Tecnológica,,True,True,16859,15822,16340.5,923,899,911.0,17251.5,2910,585,3495,CORPORACION UNIVERSITARIA REMINGTON-MEDELLIN,2630,259,9.85,134.06,137.54,136.57
2834,2024,UNIVERSITARIA AGUSTINIANA- UNIAGUSTINIANA,2834,Principal,Privado,Institución Universitaria/Escuela Tecnológica,,True,True,5181,4824,5002.5,529,583,556.0,5558.5,1233,663,1896,UNIVERSITARIA AGUSTINIANA- UNIAGUSTINIANA-BOGOTÁ D.C.,974,40,4.11,145.65,147.01,146.82
2836,2024,CORPORACION UNIVERSITARIA EMPRESARIAL DE SALAMANCA,2836,Principal,Privado,Institución Universitaria/Escuela Tecnológica,,True,True,309,263,286.0,0,0,0.0,286.0,52,0,52,CORPORACION UNIVERSITARIA EMPRESARIAL DE SALAMANCA-BARRANQUILLA,78,7,8.97,133.51,136.41,135.86
2837,2024,CORPORACION UNIVERSITARIA REPUBLICANA,2837,Principal,Privado,Institución Universitaria/Escuela Tecnológica,,True,True,3263,2964,3113.5,1311,1634,1472.5,4586.0,750,1326,2076,CORPORACION UNIVERSITARIA REPUBLICANA-BOGOTÁ D.C.,705,41,5.82,140.54,142.71,142.09
2838,2024,CORPORACION COLEGIATURA COLOMBIANA,2838,Principal,Privado,Institución Universitaria/Escuela Tecnológica,,True,True,721,678,699.5,46,23,34.5,734.0,114,52,166,CORPORACION COLEGIATURA COLOMBIANA-MEDELLIN,120,1,0.83,157.2,157.35,157.49
2840,2024,CORPORACION UNIVERSITARIA EMPRESARIAL ALEXANDER VON HUMBOLDT - CUE,2840,Principal,Privado,Institución Universitaria/Escuela Tecnológica,,True,True,1700,1733,1716.5,0,0,0.0,1716.5,261,0,261,CORPORACION UNIVERSITARIA EMPRESARIAL ALEXANDER VON HUMBOLDT - C.U.E.-ARMENIA,233,8,3.43,152.82,154.31,153.78
2841,2024,CORPORACION UNIVERSITARIA MINUTO DE DIOS -UNIMINUTO-,2829,Seccional,Privado,Institución Universitaria/Escuela Tecnológica,,True,True,2673,2585,2629.0,404,354,379.0,3008.0,330,355,685,CORPORACION UNIVERSITARIA MINUTO DE DIOS -UNIMINUTO-BELLO,264,17,6.44,137.62,140.0,139.28
2842,2024,CORPORACION UNIVERSITARIA REFORMADA - CUR -,2842,Principal,Privado,Institución Universitaria/Escuela Tecnológica,,True,True,2915,2754,2834.5,369,578,473.5,3308.0,567,899,1466,CORPORACION UNIVERSITARIA REFORMADA - CUR -BARRANQUILLA,540,49,9.07,131.72,134.85,133.99
2847,2024,UNIVERSIDAD DE INVESTIGACION Y DESARROLLO - UDI,2847,Principal,Privado,Universidad,,True,True,6085,5926,6005.5,1732,1261,1496.5,7502.0,941,1488,2429,UNIVERSIDAD DE INVESTIGACION Y DESARROLLO - UDI - BUCARAMANGA,411,32,7.79,143.49,146.27,145.64
2848,2024,CORPORACION UNIVERSITARIA  UNITEC,2848,Principal,Privado,Institución Universitaria/Escuela Tecnológica,,True,True,253,1617,935.0,0,27,13.5,948.5,440,434,874,CORPORACION UNIVERSITARIA  UNITEC-BOGOTÁ D.C.,358,22,6.15,141.92,144.78,143.43
2849,2024,CORPORACION UNIVERSITARIA AUTONOMA DEL CAUCA,2849,Principal,Privado,Institución Universitaria/Escuela Tecnológica,,True,True,1866,1808,1837.0,185,164,174.5,2011.5,460,122,582,CORPORACION UNIVERSITARIA AUTONOMA DEL CAUCA-POPAYAN,273,22,8.06,137.26,140.38,139.31
2850,2024,CORPORACION UNIVERSITARIA ANTONIO JOSE DE SUCRE - CORPOSUCRE,2850,Principal,Privado,Institución Universitaria/Escuela Tecnológica,,True,True,4494,4340,4417.0,181,148,164.5,4581.5,540,255,795,CORPORACION UNIVERSITARIA ANTONIO JOSE DE SUCRE - CORPOSUCRE-SINCELEJO,804,48,5.97,133.34,135.39,134.85
2901,2024,ESCUELA DE INTELIGENCIA Y CONTRAINTELIGENCIA BRIGADIER GENERAL RICARDO CHARRY SOLANO,2901,Principal,Oficial,Institución Universitaria/Escuela Tecnológica,,True,True,65,46,55.5,45,88,66.5,122.0,60,46,106,ESCUELA DE INTELIGENCIA Y CONTRAINTELIGENCIA BRIGADIER GENERAL RICARDO CHARRY SOLANO-BOGOTÁ D.C.,38,2,5.26,137.89,140.25,139.13
2902,2024,ESCUELA DE LOGISTICA,2902,Principal,Oficial,Institución Universitaria/Escuela Tecnológica,,True,True,118,168,143.0,138,138,138.0,281.0,34,116,150,ESCUELA DE LOGISTICA-BOGOTÁ D.C.,19,0,0.0,144.42,144.42,144.42
2904,2024,ESCUELA SUPERIOR DE GUERRA GENERAL RAFAEL REYES PRIETO,2904,Principal,Oficial,Institución Universitaria/Escuela Tecnológica,,True,False,0,0,0.0,831,1147,989.0,989.0,0,797,797,,,,,,,
2905,2024,CENTRO DE EDUCACION MILITAR - CEMIL,2905,Principal,Oficial,Institución Universitaria/Escuela Tecnológica,,True,True,93,47,70.0,274,314,294.0,364.0,108,248,356,CENTRO DE EDUCACION MILITAR-BOGOTÁ D.C.,28,5,17.86,145.89,152.0,151.13
2906,2024,ESCUELA DE POSTGRADOS DE LA FAC-EPFAC,2906,Principal,Oficial,Institución Universitaria/Escuela Tecnológica,,True,False,0,0,0.0,53,47,50.0,50.0,0,34,34,,,,,,,
3102,2024,INSTITUTO SUPERIOR DE EDUCACION RURAL-ISER-,3102,Principal,Oficial,Institución Tecnológica,,True,False,1143,1545,1344.0,0,0,0.0,1344.0,265,0,265,,,,,,,
3103,2024,INSTITUCIÓN UNIVERSITARIA MAYOR DE CARTAGENA,3103,Principal,Oficial,Institución Universitaria/Escuela Tecnológica,,True,True,3607,3775,3691.0,0,0,0.0,3691.0,1329,0,1329,INSTITUCIÓN UNIVERSITARIA MAYOR DE CARTAGENA,156,11,7.05,130.6,133.18,132.29
3104,2024,COLEGIO MAYOR DEL CAUCA,3104,Principal,Oficial,Institución Universitaria/Escuela Tecnológica,,True,True,2613,2762,2687.5,29,59,44.0,2731.5,550,49,599,COLEGIO MAYOR DEL CAUCA-POPAYAN,366,19,5.19,140.12,141.72,141.56
3107,2024,INSTITUCIÓN UNIVERSITARIA PASCUAL BRAVO,3107,Principal,Oficial,Institución Universitaria/Escuela Tecnológica,,True,True,7747,8445,8096.0,109,118,113.5,8209.5,1151,45,1196,INSTITUCION  UNIVERSITARIA PASCUAL BRAVO-MEDELLIN,568,50,8.8,144.13,147.77,146.48
3114,2024,ESCUELA NAVAL DE SUBOFICIALES ARC BARRANQUILLA,3114,Principal,Oficial,Institución Tecnológica,,True,True,588,594,591.0,250,187,218.5,809.5,262,358,620,ESCUELA NAVAL DE SUBOFICIALESARCBARRANQUILLA-BARRANQUILLA,1,0,0.0,98.0,98.0,98.0
3115,2024,INSTITUTO TECNOLOGICO DEL PUTUMAYO,3115,Principal,Oficial,Institución Tecnológica,,True,True,2180,2310,2245.0,0,0,0.0,2245.0,355,0,355,INSTITUTO TECNOLOGICO DEL PUTUMAYO-MOCOA,319,48,15.05,130.69,136.02,134.47
3117,2024,INSTITUCIÓN UNIVERSITARIA DE BARRANQUILLA - IUB,3117,Principal,Oficial,Institución Universitaria/Escuela Tecnológica,,True,True,8294,10445,9369.5,18,25,21.5,9391.0,1925,19,1944,INSTITUCION UNIVERSITARIA ITSA-SOLEDAD,521,35,6.72,137.82,140.23,139.59
3201,2024,UNIDADES TECNOLOGICAS DE SANTANDER,3201,Principal,Oficial,Institución Tecnológica,,True,True,23805,25068,24436.5,0,0,0.0,24436.5,4943,0,4943,UNIDADES TECNOLOGICAS DE SANTANDER-BUCARAMANGA,1629,161,9.88,139.03,142.74,141.64
3204,2024,TECNOLOGICO DE ANTIOQUIA,3204,Principal,Oficial,Institución Universitaria/Escuela Tecnológica,,True,True,12326,16758,14542.0,159,165,162.0,14704.0,2295,53,2348,TECNOLOGICO DE ANTIOQUIA-MEDELLIN,1711,123,7.19,140.76,143.38,142.68
3301,2024,INSTITUCION UNIVERSITARIA ANTONIO JOSE CAMACHO,3301,Principal,Oficial,Institución Universitaria/Escuela Tecnológica,,True,True,14157,15052,14604.5,43,91,67.0,14671.5,1852,42,1894,INSTITUCION UNIVERSITARIA ANTONIO JOSE CAMACHO - UNIAJC-CALI,1877,147,7.83,129.64,132.25,131.57
3302,2024,INSTITUTO TECNOLOGICO METROPOLITANO,3302,Principal,Oficial,Institución Universitaria/Escuela Tecnológica,,True,True,24186,25638,24912.0,765,700,732.5,25644.5,2696,518,3214,INSTITUTO TECNOLOGICO METROPOLITANO-MEDELLIN,1610,94,5.84,147.47,149.6,149.12
3303,2024,TECNOLÓGICO DE ARTES DÉBORA ARANGO INSTITUCIÓN REDEFINIDA,3303,Principal,Oficial,Institución Tecnológica,,True,False,1239,1331,1285.0,0,0,0.0,1285.0,352,0,352,,,,,,,
3702,2024,FUNDACION TECNOLOGICA AUTONOMA DE BOGOTA-FABA-,3702,Principal,Privado,Institución Tecnológica,,True,False,297,277,287.0,0,0,0.0,287.0,123,0,123,,,,,,,
3703,2024,INSTITUCION UNIVERSITARIA ESCOLME,3703,Principal,Privado,Institución Universitaria/Escuela Tecnológica,,True,True,1185,1270,1227.5,1,0,0.5,1228.0,337,3,340,INSTITUCION UNIVERSITARIA ESCOLME-MEDELLIN,235,11,4.68,133.25,134.93,134.4
3705,2024,FUNDACION UNIVERSITARIA TECNOLOGICO COMFENALCO - CARTAGENA,3705,Principal,Privado,Institución Universitaria/Escuela Tecnológica,,True,True,9329,9117,9223.0,321,247,284.0,9507.0,2361,247,2608,FUNDACION UNIVERSITARIA TECNOLOGICO COMFENALCO - CARTAGENA      -CARTAGENA,1226,91,7.42,133.61,136.28,135.47
3706,2024,"FUNDACION CENTRO COLOMBIANO DE ESTUDIOS PROFESIONALES, -F.C.E.C.E.P.",3706,Principal,Privado,Institución Tecnológica,,True,False,1250,1084,1167.0,0,0,0.0,1167.0,392,0,392,,,,,,,
3710,2024,FUNDACION UNIVERSITARIA ANTONIO DE AREVALO - UNITECNAR,3710,Principal,Privado,Institución Universitaria/Escuela Tecnológica,,True,True,2789,2574,2681.5,82,76,79.0,2760.5,326,0,326,FUNDACION TECNOLOGICA ANTONIO DE AREVALO-CARTAGENA,127,8,6.3,131.5,132.85,133.26
3713,2024,FUNDACION UNIVERSITARIA PARA EL DESARROLLO HUMANO - UNINPAHU,3713,Principal,Privado,Institución Universitaria/Escuela Tecnológica,,True,True,2354,2463,2408.5,136,132,134.0,2542.5,728,132,860,FUNDACION UNIVERSITARIA PARA EL DESARROLLO HUMANO - UNINPAHU-BOGOTÁ D.C.,342,30,8.77,135.44,138.59,137.7
3715,2024,FUNDACION TECNOLOGICA AUTONOMA DEL PACIFICO,3715,Principal,Privado,Institución Tecnológica,,True,False,595,0,297.5,0,0,0.0,297.5,0,0,0,,,,,,,
3716,2024,TECNOLOGICA FITEC,3716,Principal,Privado,Institución Tecnológica,,True,False,545,383,464.0,0,0,0.0,464.0,104,0,104,,,,,,,
3718,2024,FUNDACION DE ESTUDIOS SUPERIORES COMFANORTE -F.E.S.C.-,3718,Principal,Privado,Institución Tecnológica,,True,True,1575,1469,1522.0,41,36,38.5,1560.5,371,36,407,FUNDACION DE ESTUDIOS SUPERIORES COMFANORTE -F.E.S.C.-CUCUTA,159,20,12.58,133.26,136.98,136.65
3719,2024,INSTITUCION UNIVERSITARIA LATINA - UNILATINA,3719,Principal,Privado,Institución Universitaria/Escuela Tecnológica,,True,True,304,252,278.0,0,0,0.0,278.0,90,0,90,INSTITUCION UNIVERSITARIA LATINA - UNILATINA-BOGOTÁ D.C.,59,1,1.69,149.86,150.59,150.33
3720,2024,FUNDACION UNIVERSITARIA ESUMER,3720,Principal,Privado,Institución Universitaria/Escuela Tecnológica,,True,True,1507,1423,1465.0,321,509,415.0,1880.0,651,357,1008,FUNDACION UNIVERSITARIA ESUMER-MEDELLIN,483,31,6.42,139.72,142.02,141.42
3725,2024,FUNDACION DE EDUCACION SUPERIOR ALBERTO MERANI,3725,Principal,Privado,Institución Tecnológica,,True,False,249,227,238.0,0,0,0.0,238.0,37,0,37,,,,,,,
3801,2024,CORPORACION DE ESTUDIOS TECNOLOGICOS DEL NORTE DEL VALLE,3801,Principal,Privado,Institución Tecnológica,,True,True,461,429,445.0,0,0,0.0,445.0,152,0,152,CORPORACION DE ESTUDIOS TECNOLOGICOS DEL NORTE DEL VALLE-CARTAGO,56,2,3.57,136.61,137.72,137.57
3803,2024,CORPORACION UNIVERSITARIA CENTRO SUPERIOR - UNICUCES,3803,Principal,Privado,Institución Universitaria/Escuela Tecnológica,,True,True,641,599,620.0,8,35,21.5,641.5,156,21,177,CORPORACION UNIVERSITARIA CENTRO SUPERIOR - UNICUCES-CALI,185,21,11.35,131.97,137.02,134.6
3806,2024,CORPORACION ESCUELA SUPERIOR DE ADMINISTRACION Y ESTUDIOS TECNOLOGICOS- EAE,3806,Principal,Privado,Institución Tecnológica,,True,False,180,168,174.0,0,0,0.0,174.0,52,0,52,,,,,,,
3807,2024,ESCUELA DE TECNOLOGIAS DE ANTIOQUIA -ETA-,3807,Principal,Privado,Institución Tecnológica,,True,False,70,70,70.0,0,0,0.0,70.0,26,0,26,,,,,,,
3808,2024,CORPORACION TECNOLOGICA DE BOGOTA - CTB,3808,Principal,Privado,Institución Tecnológica,,True,False,236,207,221.5,0,0,0.0,221.5,122,0,122,,,,,,,
3809,2024,INSTITUTO SUPERIOR DE CIENCIAS SOCIALES Y ECONOMICO FAMILIARES-ICSEF-,3809,Principal,Privado,Institución Tecnológica,,True,True,91,82,86.5,0,0,0.0,86.5,65,0,65,INSTITUTO SUPERIOR DE CIENCIAS SOCIALES Y ECONOMICO FAMILIARES-ICSEF-BOGOTÁ D.C.,10,0,0.0,145.7,145.7,145.7
3811,2024,CORPORACION DE EDUCACION DEL NORTE DEL TOLIMA - COREDUCACION,3811,Principal,Privado,Institución Tecnológica,,True,False,130,227,178.5,0,0,0.0,178.5,56,0,56,,,,,,,
3812,2024,INSTITUCION UNIVERSITARIA MARCO FIDEL SUAREZ - IUMAFIS,3812,Principal,Privado,Institución Universitaria/Escuela Tecnológica,,True,True,1006,863,934.5,0,0,0.0,934.5,215,2,217,INSTITUCION UNIVERSITARIA MARCO FIDEL SUAREZ-BELLO,166,22,13.25,129.29,133.07,132.75
3817,2024,CORPORACION UNIVERSITARIA AUTONOMA DE NARIÑO -AUNAR-,3817,Principal,Privado,Institución Universitaria/Escuela Tecnológica,,True,True,3333,3065,3199.0,0,0,0.0,3199.0,902,0,902,CORPORACION UNIVERSITARIA AUTONOMA DE NARIÑO -AUNAR-PASTO,760,64,8.42,132.92,135.69,135.09
3819,2024,CORPORACION TECNOLOGICA INDUSTRIAL COLOMBIANA - TEINCO,3819,Principal,Privado,Institución Tecnológica,,True,True,1394,1338,1366.0,0,0,0.0,1366.0,423,0,423,CORPORACION TECNOLOGICA INDUSTRIAL COLOMBIANA - TEINCO-BOGOTÁ D.C.,130,8,6.15,134.38,136.47,135.95
3820,2024,CORPORACION ACADEMIA TECNOLOGICA DE COLOMBIA -ATEC-,3820,Principal,Privado,Institución Tecnológica,,True,False,167,153,160.0,0,0,0.0,160.0,24,0,24,,,,,,,
3821,2024,CORPORACION POLITECNICO DE LA COSTA ATLANTICA,3821,Principal,Privado,Institución Tecnológica,,True,True,2531,2393,2462.0,0,0,0.0,2462.0,1078,0,1078,CORPORACION POLITECNICO DE LA COSTA ATLANTICA-BARRANQUILLA,623,66,10.59,131.74,135.37,134.42
3826,2024,CORPORACION INTERNACIONAL PARA EL DESARROLLO EDUCATIVO -CIDE-,3826,Principal,Privado,Institución Tecnológica,,True,True,1425,1349,1387.0,0,0,0.0,1387.0,208,0,208,CORPORACION INTERNACIONAL PARA EL DESARROLLO EDUCATIVO -CIDE-BOGOTÁ D.C.,80,10,12.5,130.01,135.44,132.92
3828,2024,CORPORACIÓN TECNOLÓGICA DE EDUCACIÓN SUPERIOR SAPIENZA - CTES,3828,Principal,Privado,Institución Tecnológica,,True,False,5,2,3.5,0,0,0.0,3.5,3,0,3,,,,,,,
3830,2024,CORPORACION UNIVERSAL DE INVESTIGACION Y TECNOLOGIA -CORUNIVERSITEC-,3830,Principal,Privado,Institución Tecnológica,,True,False,822,331,576.5,0,0,0.0,576.5,787,0,787,,,,,,,
3831,2024,CORPORACION UNIVERSITARIA COMFACAUCA - UNICOMFACAUCA,3831,Principal,Privado,Institución Universitaria/Escuela Tecnológica,,True,True,3401,3438,3419.5,108,94,101.0,3520.5,340,77,417,CORPORACION UNIVERSITARIA COMFACAUCA - UNICOMFACAUCA-POPAYAN,429,19,4.43,139.46,141.01,140.64
3834,2024,CORPORACION TECNOLOGICA CATOLICA DE OCCIDENTE - TECOC -,3834,Principal,Privado,Institución Tecnológica,,True,False,29,29,29.0,0,0,0.0,29.0,0,0,0,,,,,,,
3901,2024,ESCUELA DE FORMACION DE INFANTERIA DE MARINA,3901,Principal,Oficial,Institución Tecnológica,,True,False,263,320,291.5,0,101,50.5,342.0,126,101,227,,,,,,,
3902,2024,ESCUELA  MILITAR DE SUBOFICIALES SARGENTO INOCENCIO CHINCA,3902,Principal,Oficial,Institución Tecnológica,,True,False,3292,2966,3129.0,0,0,0.0,3129.0,1774,0,1774,,,,,,,
4101,2024,INSTITUTO DE EDUCACION TECNICA PROFESIONAL DE ROLDANILLO,4101,Principal,Oficial,Institución Técnica Profesional,,True,True,5317,5101,5209.0,0,0,0.0,5209.0,1839,0,1839,INSTITUTO DE EDUCACION TECNICA PROFESIONAL DE ROLDANILLO-ROLDANILLO,376,37,9.84,128.56,131.68,131.01
4102,2024,INSTITUTO NACIONAL DE FORMACION TECNICA PROFESIONAL DE SAN JUAN DEL CESAR,4102,Principal,Oficial,Institución Técnica Profesional,,True,False,799,1021,910.0,20,14,17.0,927.0,190,3,193,,,,,,,
4106,2024,INSTITUTO NACIONAL DE FORMACION TECNICA PROFESIONAL DE SAN ANDRES Y PROVIDENCIA - INFOTEP,4106,Principal,Oficial,Institución Técnica Profesional,,True,False,329,289,309.0,0,0,0.0,309.0,87,0,87,,,,,,,
4107,2024,UNIDAD TÉCNICA PARA EL DESARROLLO PROFESIONAL - UTEDÉ,4107,Principal,Oficial,Institución Técnica Profesional,,True,True,1391,1880,1635.5,0,0,0.0,1635.5,287,0,287,INSTITUTO TECNICO AGRICOLA-ITA-BUGA,37,7,18.92,124.16,131.33,128.59
4108,2024,ESCUELA TECNOLOGICA INSTITUTO TECNICO CENTRAL,4108,Principal,Oficial,Institución Universitaria/Escuela Tecnológica,,True,True,3575,3747,3661.0,30,33,31.5,3692.5,947,39,986,ESCUELA TECNOLOGICA INSTITUTO TECNICO CENTRAL -BOGOTÁ D.C.,225,6,2.67,148.55,149.44,149.32
4109,2024,INSTITUTO TECNICO NACIONAL DE COMERCIO SIMON RODRIGUEZ - INTENALCO,4109,Principal,Oficial,Institución Técnica Profesional,,True,False,1741,1638,1689.5,0,0,0.0,1689.5,654,0,654,,,,,,,
4110,2024,INSTITUTO TOLIMENSE DE FORMACION TECNICA PROFESIONAL,4110,Principal,Oficial,Institución Técnica Profesional,,True,True,4491,4253,4372.0,0,0,0.0,4372.0,1802,0,1802,INSTITUTO TOLIMENSE DE FORMACION TECNICA PROFESIONAL -ESPINAL,571,70,12.26,125.68,129.87,128.65
4111,2024,INSTITUTO NACIONAL DE FORMACION TECNICA PROFESIONAL - HUMBERTO VELASQUEZ GARCIA,4111,Principal,Oficial,Institución Técnica Profesional,,True,False,3123,3735,3429.0,0,0,0.0,3429.0,661,0,661,,,,,,,
4112,2024,COLEGIO INTEGRADO NACIONAL ORIENTE DE CALDAS - IES CINOC,4112,Principal,Oficial,Institución Técnica Profesional,,True,False,749,682,715.5,0,0,0.0,715.5,447,0,447,,,,,,,
4701,2024,FUNDACION ACADEMIA DE DIBUJO PROFESIONAL,4701,Principal,Privado,Institución Técnica Profesional,,True,False,1454,1399,1426.5,0,0,0.0,1426.5,274,0,274,,,,,,,
4702,2024,FUNDACION DE EDUCACION SUPERIOR SAN JOSE -FESSANJOSE-,4702,Principal,Privado,Institución Tecnológica,,True,True,5656,5194,5425.0,0,0,0.0,5425.0,2970,0,2970,FUNDACION DE EDUCACION SUPERIOR SAN JOSE -FESSANJOSE-BOGOTÁ D.C.,7885,796,10.1,131.92,135.44,134.46
4709,2024,INSTITUCION UNIVERSITARIA EAM,4709,Principal,Privado,Institución Universitaria/Escuela Tecnológica,,True,True,1081,1010,1045.5,49,30,39.5,1085.0,333,52,385,INSTITUCION UNIVERSITARIA EAM QUINDIO-ARMENIA,165,23,13.94,139.63,144.54,143.45
4710,2024,FUNDACIÓN POLITÉCNICO MINUTO DE DIOS - TEC MD,4710,Principal,Privado,Institución Técnica Profesional,,True,False,2097,2030,2063.5,0,0,0.0,2063.5,367,0,367,,,,,,,
4714,2024,FUNDACION INTERAMERICANA TECNICA-FIT-,4714,Principal,Privado,Institución Técnica Profesional,,True,False,160,127,143.5,0,0,0.0,143.5,63,0,63,,,,,,,
4719,2024,FUNDACION DE EDUCACION SUPERIOR NUEVA AMERICA,4719,Principal,Privado,Institución Técnica Profesional,,True,True,760,648,704.0,0,0,0.0,704.0,163,0,163,FUNDACION DE EDUCACION SUPERIOR NUEVA AMERICA-BOGOTÁ D.C.,24,2,8.33,132.96,136.27,134.99
4721,2024,FUNDACION UNIVERSITARIA HORIZONTE,4721,Principal,Privado,Institución Universitaria/Escuela Tecnológica,,True,True,319,260,289.5,17,4,10.5,300.0,192,31,223,FUNDACION UNIVERSITARIA HORIZONTE-BOGOTÁ D.C.,226,17,7.52,132.7,135.31,134.58
4726,2024,FUNDACION UNIVERSITARIA SAN MATEO - SAN MATEO EDUCACION SUPERIOR,4726,Principal,Privado,Institución Universitaria/Escuela Tecnológica,,True,True,4974,4672,4823.0,2,26,14.0,4837.0,1689,13,1702,FUNDACION PARA LA EDUCACION SUPERIOR SAN MATEO FUNDACION SAN MATEO-BOGOTÁ D.C.,692,58,8.38,133.48,136.46,135.59
4727,2024,POLITECNICO INTERNACIONAL INSTITUCION DE EDUCACION SUPERIOR,4727,Principal,Privado,Institución Tecnológica,,True,False,5138,5834,5486.0,0,16,8.0,5494.0,968,0,968,,,,,,,
4801,2024,CORPORACION ACADEMIA SUPERIOR DE ARTES,4801,Principal,Privado,Institución Tecnológica,,True,False,195,165,180.0,0,0,0.0,180.0,45,0,45,,,,,,,
4803,2024,CORPORACION POLITECNICO COLOMBO ANDINO,4803,Principal,Privado,Institución Técnica Profesional,,True,False,36,92,64.0,0,0,0.0,64.0,0,0,0,,,,,,,
4806,2024,CORPORACION CENTRO DE ESTUDIOS ARTISTICOS Y TECNICOS-CEART-,4806,Principal,Privado,Institución Técnica Profesional,,True,False,58,32,45.0,0,0,0.0,45.0,29,0,29,,,,,,,
4808,2024,CORPORACION REGIONAL DE EDUCACION SUPERIOR-CRES-DE CALI,4808,Principal,Privado,Institución Técnica Profesional,,True,False,228,266,247.0,0,0,0.0,247.0,38,0,38,,,,,,,
4810,2024,CORPORACION UNIVERSITARIA CENDA,4810,Principal,Privado,Institución Universitaria/Escuela Tecnológica,,True,True,852,1067,959.5,148,140,144.0,1103.5,230,122,352,CORPORACION UNIVERSITARIA CENDA-BOGOTÁ D.C.,151,8,5.3,136.77,139.14,138.01
4811,2024,CORPORACIÓN UNIFICADA HISPANOAMERICANA DE EDUCACIÓN SUPERIOR,4811,Principal,Privado,Institución Técnica Profesional,,True,False,98,124,111.0,0,0,0.0,111.0,27,0,27,,,,,,,
4812,2024,CORPORACION DE EDUCACION SUPERIOR SURAMERICA,4812,Principal,Privado,Institución Técnica Profesional,,True,False,13,9,11.0,0,0,0.0,11.0,45,0,45,,,,,,,
4813,2024,CORPORACION UNIFICADA NACIONAL DE EDUCACION SUPERIOR-CUN-,4813,Principal,Privado,Institución Técnica Profesional,,True,True,54314,57433,55873.5,1787,1972,1879.5,57753.0,14841,778,15619,CORPORACION UNIFICADA NACIONAL DE EDUCACION SUPERIOR-CUN-BOGOTÁ D.C.,5360,398,7.43,134.9,137.57,136.79
4817,2024,CORPORACION DE EDUCACIÓN SUPERIOR DEL LITORAL,4817,Principal,Privado,Institución Técnica Profesional,,True,False,1272,544,908.0,0,0,0.0,908.0,861,0,861,,,,,,,
4818,2024,CORPORACION UNIVERSITARIA LATINOAMERICANA - CUL,4818,Principal,Privado,Institución Universitaria/Escuela Tecnológica,,True,True,4634,4213,4423.5,17,34,25.5,4449.0,624,29,653,CORPORACION UNIVERSITARIA LATINOAMERICANA- CUL-BARRANQUILLA,823,92,11.18,125.99,129.53,128.72
4822,2024,CORPORACION ESCUELA DE ARTES Y LETRAS,4822,Principal,Privado,Institución Universitaria/Escuela Tecnológica,,True,True,867,748,807.5,15,12,13.5,821.0,190,5,195,CORPORACION ESCUELA DE ARTES Y LETRAS-BOGOTÁ D.C.,134,2,1.49,150.42,151.09,150.81
4825,2024,CORPORACION INSTITUTO DE ADMINISTRACION Y FINANZAS - CIAF,4825,Principal,Privado,Institución Técnica Profesional,,True,True,1466,1485,1475.5,0,0,0.0,1475.5,602,0,602,CORPORACION INSTITUTO DE ADMINISTRACION Y FINANZAS - C.I.A.F.-PEREIRA,148,14,9.46,123.11,126.0,125.38
4826,2024,CORPORACION UNIVERSITARIA REGIONAL DEL CARIBE -IAFIC-,4826,Principal,Privado,Institución Universitaria/Escuela Tecnológica,,True,True,44,0,22.0,0,0,0.0,22.0,0,0,0,CORPORACION UNIVERSITARIA REGIONAL DEL CARIBE- IAFIC-CARTAGENA,99,9,9.09,124.34,128.04,126.34
4829,2024,CORPORACION INTERAMERICANA DE EDUCACION SUPERIOR-CORPOCIDES,4829,Principal,Privado,Institución Técnica Profesional,,True,False,90,59,74.5,0,0,0.0,74.5,73,0,73,,,,,,,
4832,2024,CORPORACION INSTITUTO SUPERIOR DE EDUCACION SOCIAL-ISES-,4832,Principal,Privado,Institución Técnica Profesional,,True,False,196,235,215.5,0,0,0.0,215.5,236,0,236,,,,,,,
4835,2024,CORPORACION UNIVERSITARIA TALLER CINCO CENTRO DE DISEÑO,4835,Principal,Privado,Institución Universitaria/Escuela Tecnológica,,True,True,952,949,950.5,0,0,0.0,950.5,129,0,129,CORPORACION UNIVERSITARIA TALLER CINCO CENTRO DE DISEÑO-BOGOTÁ D.C.,167,10,5.99,155.03,157.19,156.85
4837,2024,"CORPORACION UNIVERSITARIA DE CIENCIAS EMPRESARIALES, EDUCACION Y SALUD -UNICORSALUD-",4837,Principal,Privado,Institución Universitaria/Escuela Tecnológica,,True,True,880,896,888.0,34,30,32.0,920.0,150,34,184,"CORPORACION UNIVERSITARIA DE CIENCIAS EMPRESARIALES, EDUCACION Y SALUD -CORSALUD-BARRANQUILLA",33,3,9.09,124.18,127.6,126.22
5801,2024,CORPORACION ESCUELA TECNOLOGICA DEL ORIENTE,5801,Principal,Privado,Institución Universitaria/Escuela Tecnológica,,True,True,448,352,400.0,102,57,79.5,479.5,138,75,213,CORPORACION ESCUELA TECNOLOGICA DEL ORIENTE-BUCARAMANGA,100,9,9.0,129.75,132.69,132.0
5802,2024,UNIVERSIDAD ECCI,5802,Principal,Privado,Universidad,,True,True,16707,15178,15942.5,924,801,862.5,16805.0,3985,861,4846,UNIVERSIDAD ECCI-BOGOTÁ D.C.,2130,105,4.93,147.88,149.87,149.23
9102,2024,ESCUELA DE SUBOFICIALES DE LA FUERZA AEREA COLOMBIANA ANDRES M. DIAZ,9102,Principal,Oficial,Institución Tecnológica,,True,False,440,406,423.0,148,133,140.5,563.5,148,131,279,,,,,,,
9103,2024,ESCUELA MILITAR DE AVIACION MARCO FIDEL SUAREZ,9103,Principal,Oficial,Institución Universitaria/Escuela Tecnológica,,True,True,526,496,511.0,0,0,0.0,511.0,144,0,144,ESCUELA MILITAR DE AVIACIONMARCO FIDEL SUAREZ-CALI,128,9,7.03,145.03,147.48,146.99
9104,2024,ESCUELA MILITAR DE CADETES GENERAL JOSE MARIA CORDOVA,9104,Principal,Oficial,Institución Universitaria/Escuela Tecnológica,,True,True,3088,3275,3181.5,79,89,84.0,3265.5,495,28,523,ESCUELA MILITAR DE CADETES GENERAL JOSE MARIA CORDOVA-BOGOTÁ D.C.,439,22,5.01,141.41,143.23,142.75
9105,2024,ESCUELA NAVAL DE CADETES ALMIRANTE PADILLA,9105,Principal,Oficial,Universidad,,True,True,687,628,657.5,102,81,91.5,749.0,235,141,376,ESCUELA NAVAL DE CADETESALMIRANTE PADILLA-CARTAGENA,208,18,8.65,142.27,145.5,144.62
9107,2024,ESCUELA DE INGENIEROS MILITARES,9107,Principal,Oficial,Institución Universitaria/Escuela Tecnológica,,True,True,551,491,521.0,91,93,92.0,613.0,139,48,187,ESCUELA DE INGENIEROS MILITARES-BOGOTÁ D.C.,81,15,18.52,139.46,147.88,144.2
9108,2024,INSTITUTO CARO Y CUERVO,9108,Principal,Oficial,Institución Universitaria/Escuela Tecnológica,,True,False,0,0,0.0,115,132,123.5,123.5,0,59,59,,,,,,,
9110,2024,SERVICIO NACIONAL DE APRENDIZAJE-SENA-,9110,Principal,Oficial,Institución Tecnológica,,True,False,332987,421621,377304.0,0,0,0.0,377304.0,69423,12,69435,,,,,,,
9116,2024,FUNDACION UNIVERSITARIA CLARETIANA - UNICLARETIANA,9116,Principal,Privado,Institución Universitaria/Escuela Tecnológica,,True,True,2813,2561,2687.0,357,439,398.0,3085.0,621,366,987,FUNDACION UNIVERSITARIA CLARETIANA - UNICLARETIANA-QUIBDO,669,92,13.75,122.87,127.49,126.11
9117,2024,ESCUELA INTERNACIONAL DE ESTUDIOS SUPERIORES - INTER,9117,Principal,Privado,Institución Técnica Profesional,,True,False,16,13,14.5,0,0,0.0,14.5,0,0,0,,,,,,,
9119,2024,CORPORACION UNIVERSITARIA AMERICANA,9119,Principal,Privado,Institución Universitaria/Escuela Tecnológica,,True,True,12186,11606,11896.0,635,1034,834.5,12730.5,3600,655,4255,CORPORACION UNIVERSITARIA AMERICANA-BARRANQUILLA,1724,119,6.9,133.83,136.34,135.56
9120,2024,FUNDACION UNIVERSITARIA BELLAS ARTES,9120,Principal,Privado,Institución Universitaria/Escuela Tecnológica,,True,True,595,538,566.5,0,0,0.0,566.5,106,0,106,FUNDACION UNIVERSITARIA BELLAS ARTES-MEDELLIN,102,0,0.0,154.51,154.51,154.51
9121,2024,FUNDACION UNIVERSITARIA COLOMBO INTERNACIONAL - UNICOLOMBO,9121,Principal,Privado,Institución Universitaria/Escuela Tecnológica,,True,True,2651,2533,2592.0,12,0,6.0,2598.0,471,13,484,FUNDACION UNIVERSITARIA COLOMBO INTERNACIONAL - UNICOLOMBO-CARTAGENA,337,20,5.93,147.4,149.62,149.06
9122,2024,UNIVERSIDAD MANUELA BELTRAN-UMB-,1735,Seccional,Privado,Universidad,,True,True,627,648,637.5,31,29,30.0,667.5,41,14,55,UNIVERSIDAD MANUELA BELTRAN-UMB--BUCARAMANGA,87,4,4.6,141.95,143.45,143.24
9124,2024,TECNOLOGICO COREDI,9124,Principal,Privado,Institución Tecnológica,,True,False,84,75,79.5,0,0,0.0,79.5,0,0,0,,,,,,,
9125,2024,UNIVERSIDAD DE ANTIOQUIA,1201,Seccional,Oficial,Universidad,225702,True,True,71,66,68.5,0,0,0.0,68.5,1,0,1,UNIVERSIDAD DE ANTIOQUIA-SANTAFÉ DE ANTIOQUIA,27,1,3.7,145.3,146.12,146.44
9126,2024,CORPORACION TECNOLOGICA INDOAMERICA,9126,Principal,Privado,Institución Tecnológica,,True,False,385,334,359.5,0,0,0.0,359.5,84,0,84,,,,,,,
9127,2024,CORPORACION UNIVERSITARIA DE SABANETA - UNISABANETA,9127,Principal,Privado,Institución Universitaria/Escuela Tecnológica,,True,True,723,406,564.5,84,54,69.0,633.5,55,5,60,CORPORACION UNIVERSITARIA DE SABANETA- UNISABANETA-SABANETA,139,4,2.88,143.0,144.16,143.74
9128,2024,LCI - FUNDACION TECNOLOGICA,9128,Principal,Privado,Institución Tecnológica,,True,False,745,858,801.5,0,0,0.0,801.5,251,0,251,,,,,,,
9129,2024,FUNDACION UNIVERSITARIA CAFAM -UNICAFAM,9129,Principal,Privado,Institución Universitaria/Escuela Tecnológica,,True,True,1664,1576,1620.0,26,47,36.5,1656.5,414,8,422,FUNDACION UNIVERSITARIA CAFAM-BOGOTÁ D.C.,256,7,2.73,148.16,149.4,148.87
9131,2024,FUNDACIÓN UNIVERSITARIA CERVANTES SAN AGUSTÍN - UNICERVANTES,9131,Principal,Privado,Institución Universitaria/Escuela Tecnológica,,True,True,1567,1356,1461.5,66,139,102.5,1564.0,125,37,162,FUNDACION UNIVERSITARIA CERVANTINA SAN AGUSTIN - UNICERVANTINA SAN AGUSTIN-BOGOTÁ D.C.,345,34,9.86,142.25,146.57,144.78
9132,2024,FUNDACION UNIVERSITARIA CIEO - UNICIEO,9132,Principal,Privado,Institución Universitaria/Escuela Tecnológica,,True,False,0,0,0.0,154,156,155.0,155.0,0,61,61,,,,,,,
9899,2024,INSTITUCION UNIVERSITARIA DE COLOMBIA - UNIVERSITARIA DE COLOMBIA,9899,Principal,Privado,Institución Universitaria/Escuela Tecnológica,,True,True,915,501,708.0,0,1,0.5,708.5,350,0,350,INSTITUCION UNIVERSITARIA DE COLOMBIA - UNIVERSITARIA DE COLOMBIA-BOGOTÁ D.C.,614,33,5.37,140.04,141.93,141.47
9900,2024,CORPORACION UNIVERSITARIA U DE COLOMBIA,9900,Principal,Privado,Institución Universitaria/Escuela Tecnológica,,True,True,697,639,668.0,215,237,226.0,894.0,131,156,287,CORPORACION UNIVERSITARIA U DE COLOMBIA-MEDELLIN,99,1,1.01,140.08,140.58,140.31
9902,2024,FUNDACION UNIVERSITARIA COMFENALCO SANTANDER,9902,Principal,Privado,Institución Universitaria/Escuela Tecnológica,,True,True,207,237,222.0,0,0,0.0,222.0,6,0,6,FUNDACION UNIVERSITARIA COMFENALCO SANTANDER-BUCARAMANGA,34,4,11.76,130.56,134.07,133.63
9903,2024,CORPORACIÓN COLSUBSIDIO EDUCACIÓN TECNOLÓGICA - CET,9903,Principal,Privado,Institución Tecnológica,,True,False,527,401,464.0,0,0,0.0,464.0,105,0,105,,,,,,,
9904,2024,FUNDACION UNIVERSITARIA COLOMBO GERMANA,9904,Principal,Privado,Institución Universitaria/Escuela Tecnológica,,True,True,2082,1964,2023.0,113,66,89.5,2112.5,166,29,195,FUNDACION TECNOLOGICA COLOMBO- GERMANA-BOGOTÁ D.C.,326,22,6.75,128.24,130.53,129.87
9905,2024,FUNDACION ESCUELA TECNOLOGICA DE NEIVA - JESUS OVIEDO PEREZ -FET,9905,Principal,Privado,Institución Universitaria/Escuela Tecnológica,,True,True,929,912,920.5,0,0,0.0,920.5,345,0,345,FUNDACION ESCUELA TECNOLOGICA DE NEIVA - JESUS OVIEDO PEREZ-NEIVA,155,16,10.32,127.15,130.77,129.64
9906,2024,CORPORACIÓN UNIVERSITARIA PARA EL DESARROLLO EMPRESARIAL Y SOCIAL - MISIÓN PAZ.,9906,Principal,Privado,Institución Universitaria/Escuela Tecnológica,,True,True,81,80,80.5,0,0,0.0,80.5,28,0,28,CORPORACION UNIVERSITARIA PARA EL DESARROLLO EMPRESARIAL Y SOCIAL- CUDES-CALI,8,0,0.0,142.25,142.25,142.25
9907,2024,FUNDACION UNIVERSITARIA NAVARRA - UNINAVARRA,9907,Principal,Privado,Institución Universitaria/Escuela Tecnológica,,True,True,1737,1722,1729.5,20,15,17.5,1747.0,334,11,345,FUNDACION UNIVERSITARIA NAVARRA - UNINAVARRA-NEIVA,300,15,5.0,139.52,141.25,140.85
9910,2024,FUNDACION UNIVERSITARIA LUIS G. PAEZ - UNIPAEZ,9910,Principal,Privado,Institución Universitaria/Escuela Tecnológica,,True,False,0,0,0.0,43,51,47.0,47.0,0,20,20,,,,,,,
9913,2024,CORPORACION UNIVERSITARIA DE ASTURIAS,9913,Principal,Privado,Institución Universitaria/Escuela Tecnológica,,True,True,5254,5413,5333.5,4609,5229,4919.0,10252.5,600,1411,2011,CORPORACION UNIVERSITARIA DE ASTURIAS-BOGOTÁ D.C.,716,49,6.84,135.75,138.36,137.46
9914,2024,"ESEIT - ESCUELA SUPERIOR DE EMPRESA, INGENIERÍA Y TECNOLOGÍA",9914,Principal,Privado,Institución Universitaria/Escuela Tecnológica,,True,True,983,977,980.0,299,285,292.0,1272.0,44,225,269,"ELITE- ESCUELA LATINOAMERICANA DE INGENIEROS, TECNOLOGOS Y EMPRESARIOS-BOGOTÁ D.C.",64,8,12.5,133.91,139.79,136.81
9915,2024,UNIVERSITARIA VIRTUAL INTERNACIONAL,9915,Principal,Privado,Institución Universitaria/Escuela Tecnológica,,True,True,1344,1180,1262.0,0,0,0.0,1262.0,382,0,382,UNIVERSITARIA VIRTUAL INTERNACIONAL-BOGOTÁ D.C.,387,31,8.01,131.83,134.76,133.78
9921,2024,FUNDACION UNIVERSITARIA CATOLICA DEL SUR - UNICATOLICA DEL SUR,9921,Principal,Privado,Institución Universitaria/Escuela Tecnológica,,True,True,317,353,335.0,0,0,0.0,335.0,28,0,28,FUNDACION UNIVERSITARIA CATOLICA DEL SUR - UNICATOLICA DEL SUR-PASTO,55,5,9.09,127.44,130.3,129.65
9922,2024,FUNDACION UNIVERSITARIA COMFAMILIAR RISARALDA,9922,Principal,Privado,Institución Universitaria/Escuela Tecnológica,,True,True,1344,1232,1288.0,55,54,54.5,1342.5,294,76,370,INSTITUCIÓN UNIVERSITARIA COMFAMILIAR RISARALDA,128,18,14.06,133.68,139.22,137.18
9923,2024,CORPORACION UNIVERSITARIA DE CATALUÑA,9923,Principal,Privado,Institución Universitaria/Escuela Tecnológica,,True,True,376,599,487.5,0,0,0.0,487.5,31,0,31,CORPORACION UNIVERSITARIA DE CATALUÑA,300,26,8.67,138.02,141.15,140.3
9924,2024,FUNDACION UNIVERSITARIA INTERNACIONAL DE COLOMBIA - UNINCOL,9924,Principal,Privado,Institución Universitaria/Escuela Tecnológica,,True,True,119,109,114.0,0,0,0.0,114.0,0,0,0,FUNDACION UNIVERSITARIA INTERNACIONAL DE COLOMBIA - UNINCOL,3,0,0.0,148.67,148.67,148.67
9926,2024,FUNDACION UNIVERSITARIA INTERNACIONAL DE LA RIOJA - UNIR,9926,Principal,Privado,Institución Universitaria/Escuela Tecnológica,,True,True,3681,3723,3702.0,4199,4691,4445.0,8147.0,246,1747,1993,FUNDACION UNIVERSITARIA INTERNACIONAL DE LA RIOJA - UNIR,661,68,10.29,138.83,143.26,141.4
9927,2024,INSTITUCION UNIVERSITARIA DIGITAL DE ANTIOQUIA -IU. DIGITAL,9927,Principal,Oficial,Institución Universitaria/Escuela Tecnológica,,True,True,8955,10293,9624.0,156,211,183.5,9807.5,652,178,830,INSTITUCION UNIVERSITARIA DIGITAL DE ANTIOQUIA -IU. DIGITAL,610,30,4.92,138.07,139.93,139.32
9928,2024,FUNDACIÓN UNIVERSITARIA SALESIANA,9928,Principal,Privado,Institución Universitaria/Escuela Tecnológica,,True,True,282,360,321.0,0,0,0.0,321.0,0,0,0,FUNDACIÓN UNIVERSITARIA SALESIANA,13,1,7.69,158.62,160.25,161.31
9929,2024,UNIVERSIDAD AUTÓNOMA INDÍGENA INTERCULTURAL - UAIIN,9929,Principal,Oficial,Universidad,225734,True,False,873,943,908.0,0,0,0.0,908.0,13,0,13,,,,,,,
9930,2024,INSTITUCIÓN UNIVERSITARIA COMANDO DE EDUCACIÓN Y DOCTRINA - CEDOC DEL EJÉRCITO NACIONAL,9930,Principal,Oficial,Institución Universitaria/Escuela Tecnológica,,True,True,107,103,105.0,21,31,26.0,131.0,35,24,59,INSTITUCION UNIVERSITARIA COMANDO DE EDUCACION Y DOCTRINA - CEDOC,26,1,3.85,149.23,151.28,150.19
9931,2024,FUNDACIÓN UNIVERSITARIA PATRICIO SYMES,9931,Principal,Privado,Institución Universitaria/Escuela Tecnológica,,True,True,42,0,21.0,0,0,0.0,21.0,10,0,10,FUNDACION UNIVERSITARIA PATRICIO SYMES,26,2,7.69,149.19,152.75,151.21
9932,2024,FUNDACIÓN UNIVERSITARIA SAN PABLO - UNISANPABLO,9932,Principal,Privado,Institución Universitaria/Escuela Tecnológica,,True,False,54,59,56.5,0,0,0.0,56.5,1,0,1,,,,,,,
9933,2024,UNIVERSIDAD NACIONAL DE COLOMBIA,1101,Seccional,Oficial,Universidad,225701,True,True,1321,1286,1303.5,0,0,0.0,1303.5,13,0,13,UNIVERSIDAD NACIONAL DE COLOMBIA,74,6,8.11,145.09,147.56,147.47
9934,2024,CENTRO DE ESTUDIOS AERONÁUTICOS - CEA,9934,Principal,Oficial,Institución Universitaria/Escuela Tecnológica,,True,False,0,0,0.0,0,0,0.0,0.0,54,0,54,,,,,,,
9935,2024,UNIDAD TECNOLÓGICA DEL MAGDALENA MEDIO - UTEM -,9935,Principal,Privado,Institución Tecnológica,,True,False,86,0,43.0,0,0,0.0,43.0,22,0,22,,,,,,,
9936,2024,CORPORACIÓN UNIVERSITARIA AUTÓNOMA DEL NORTE,9936,Principal,Privado,Institución Universitaria/Escuela Tecnológica,,True,True,229,241,235.0,22,21,21.5,256.5,0,7,7,CORPORACIÓN UNIVERSITARIA AUTÓNOMA DEL NORTE,12,0,0.0,134.75,134.75,134.75
9938,2024,UNIVERSITARIA DEL CHICAMOCHA,9938,Principal,Privado,Institución Universitaria/Escuela Tecnológica,,True,False,0,52,26.0,0,0,0.0,26.0,0,0,0,,,,,,,
